1620385782316,200,OK,true,2001
1620385782319,200,OK,true,2007
1620385782316,200,OK,true,2010
1620385784318,200,OK,true,722
1620385784327,200,OK,true,763
1620385784327,200,OK,true,859
1620385785090,200,OK,true,688
1620385785040,200,OK,true,805
1620385785186,200,OK,true,804
1620385785778,200,OK,true,704
1620385785845,200,OK,true,765
1620385785990,200,OK,true,722
1620385786483,200,OK,true,714
1620385786610,200,OK,true,736
1620385786712,200,OK,true,739
1620385787197,200,OK,true,747
1620385787347,200,OK,true,715
1620385787451,200,OK,true,679
1620385787944,200,OK,true,721
1620385788062,200,OK,true,784
1620385788131,200,OK,true,1058
1620385788665,200,OK,true,754
1620385788846,200,OK,true,762
1620385789190,200,OK,true,753
1620385789609,200,OK,true,784
1620385789419,200,OK,true,1142
1620385789943,200,OK,true,693
1620385790393,200,OK,true,848
1620385790562,200,OK,true,817
1620385790636,200,OK,true,793
1620385791240,200,OK,true,779
1620385791378,200,OK,true,740
1620385791428,200,OK,true,690
1620385792119,200,OK,true,670
1620385792119,200,OK,true,705
1620385792019,200,OK,true,870
1620385792790,200,OK,true,772
1620385792889,200,OK,true,682
1620385792824,200,OK,true,828
1620385793563,200,OK,true,724
1620385793571,200,OK,true,769
1620385793652,200,OK,true,706
1620385794287,200,OK,true,638
1620385794341,200,OK,true,711
1620385794358,200,OK,true,744
1620385794925,200,OK,true,743
1620385795052,200,OK,true,805
1620385795102,200,OK,true,1170
1620385795668,200,OK,true,779
1620385795857,200,OK,true,928
1620385796449,200,OK,true,722
1620385796273,200,OK,true,1054
1620385796785,200,OK,true,944
1620385797172,200,OK,true,784
1620385797328,200,OK,true,1031
1620385797729,200,OK,true,752
1620385797956,200,OK,true,738
1620385798360,200,OK,true,893
1620385798482,200,OK,true,811
1620385798694,200,OK,true,733
1620385799253,200,OK,true,735
1620385799427,200,OK,true,778
1620385799293,200,OK,true,1352
1620385799988,200,OK,true,801
1620385800205,200,OK,true,689
1620385800646,200,OK,true,760
1620385800894,200,OK,true,685
1620385800789,200,OK,true,1249
1620385801406,200,OK,true,723
1620385801580,200,OK,true,712
1620385802038,200,OK,true,796
1620385802129,200,OK,true,825
1620385802293,200,OK,true,761
1620385802834,200,OK,true,687
1620385802954,200,OK,true,685
1620385803055,200,OK,true,1093
1620385803639,200,OK,true,718
1620385803521,200,OK,true,1114
1620385804149,200,OK,true,873
1620385804357,200,OK,true,703
1620385804635,200,OK,true,721
1620385805022,200,OK,true,784
1620385805060,200,OK,true,791
1620385805356,200,OK,true,756
1620385805851,200,OK,true,827
1620385805806,200,OK,true,889
1620385806113,200,OK,true,689
1620385806678,200,OK,true,736
1620385806802,200,OK,true,763
1620385806695,200,OK,true,1254
1620385807565,200,OK,true,772
1620385807414,200,OK,true,1130
1620385807950,200,OK,true,806
1620385808337,200,OK,true,749
1620385808545,200,OK,true,730
1620385808756,200,OK,true,673
1620385809086,200,OK,true,819
1620385809429,200,OK,true,713
1620385809276,200,OK,true,1278
1620385809906,200,OK,true,716
1620385810143,200,OK,true,700
1620385810622,200,OK,true,666
1620385810554,200,OK,true,806
1620385810844,200,OK,true,691
1620385811290,200,OK,true,766
1620385811361,200,OK,true,712
1620385811535,200,OK,true,1124
1620385812056,200,OK,true,727
1620385812074,200,OK,true,757
1620385812659,200,OK,true,823
1620385812783,200,OK,true,780
1620385812832,200,OK,true,792
1620385813482,200,OK,true,852
1620385813624,200,OK,true,720
1620385813563,200,OK,true,838
1620385814334,200,OK,true,697
1620385814344,200,OK,true,718
1620385814401,200,OK,true,1232
1620385815062,200,OK,true,780
1620385815032,200,OK,true,1289
1620385815842,200,OK,true,802
1620385815633,200,OK,true,1234
1620385816322,200,OK,true,762
1620385816645,200,OK,true,716
1620385816868,200,OK,true,791
1620385817361,200,OK,true,781
1620385817084,200,OK,true,1229
1620385818143,200,OK,true,662
1620385817660,200,OK,true,1168
1620385818313,200,OK,true,732
1620385818805,200,OK,true,708
1620385819045,200,OK,true,727
1620385818829,200,OK,true,1331
1620385819514,200,OK,true,765
1620385819772,200,OK,true,707
1620385820160,200,OK,true,724
1620385820279,200,OK,true,731
1620385820480,200,OK,true,835
1620385820884,200,OK,true,673
1620385821010,200,OK,true,735
1620385821315,200,OK,true,722
1620385821557,200,OK,true,675
1620385821745,200,OK,true,779
1620385822037,200,OK,true,792
1620385822232,200,OK,true,769
1620385822524,200,OK,true,890
1620385823002,200,OK,true,785
1620385822830,200,OK,true,1166
1620385823414,200,OK,true,777
1620385823787,200,OK,true,742
1620385823996,200,OK,true,788
1620385824191,200,OK,true,701
1620385824530,200,OK,true,757
1620385824785,200,OK,true,793
1620385824892,200,OK,true,1007
1620385825578,200,OK,true,702
1620385825287,200,OK,true,1185
1620385826280,200,OK,true,668
1620385825900,200,OK,true,1141
1620385826472,200,OK,true,720
1620385826948,200,OK,true,682
1620385827041,200,OK,true,683
1620385827192,200,OK,true,1028
1620385827724,200,OK,true,681
1620385827631,200,OK,true,821
1620385828220,200,OK,true,757
1620385828405,200,OK,true,802
1620385828452,200,OK,true,858
1620385828977,200,OK,true,749
1620385829207,200,OK,true,663
1620385829310,200,OK,true,802
1620385829726,200,OK,true,709
1620385829871,200,OK,true,750
1620385830112,200,OK,true,711
1620385830436,200,OK,true,839
1620385830622,200,OK,true,708
1620385830823,200,OK,true,690
1620385831331,200,OK,true,738
1620385831275,200,OK,true,800
1620385831513,200,OK,true,672
1620385832069,200,OK,true,801
1620385832185,200,OK,true,705
1620385832075,200,OK,true,1399
1620385832890,200,OK,true,709
1620385832870,200,OK,true,766
1620385833474,200,OK,true,732
1620385833599,200,OK,true,684
1620385833636,200,OK,true,731
1620385834206,200,OK,true,703
1620385834284,200,OK,true,679
1620385834367,200,OK,true,711
1620385834910,200,OK,true,811
1620385835078,200,OK,true,652
1620385834963,200,OK,true,769
1620385835721,200,OK,true,722
1620385835732,200,OK,true,748
1620385835730,200,OK,true,799
1620385836442,200,OK,true,734
1620385836479,200,OK,true,764
1620385836528,200,OK,true,792
1620385837177,200,OK,true,729
1620385837243,200,OK,true,793
1620385837320,200,OK,true,718
1620385837907,200,OK,true,769
1620385838036,200,OK,true,701
1620385838039,200,OK,true,728
1620385838677,200,OK,true,727
1620385838767,200,OK,true,724
1620385838737,200,OK,true,764
1620385839404,200,OK,true,747
1620385839501,200,OK,true,824
1620385839491,200,OK,true,834
1620385840151,200,OK,true,832
1620385840325,200,OK,true,675
1620385840325,200,OK,true,831
1620385840983,200,OK,true,768
1620385841001,200,OK,true,851
1620385841157,200,OK,true,750
1620385841751,200,OK,true,739
1620385841907,200,OK,true,701
1620385841852,200,OK,true,778
1620385842490,200,OK,true,844
1620385842630,200,OK,true,831
1620385842608,200,OK,true,882
1620385843334,200,OK,true,782
1620385843490,200,OK,true,737
1620385843461,200,OK,true,771
1620385844228,200,OK,true,645
1620385844116,200,OK,true,775
1620385844233,200,OK,true,810
1620385844891,200,OK,true,724
1620385844874,200,OK,true,785
1620385845044,200,OK,true,732
1620385845615,200,OK,true,661
1620385845659,200,OK,true,723
1620385845776,200,OK,true,734
1620385846277,200,OK,true,777
1620385846382,200,OK,true,677
1620385846510,200,OK,true,779
1620385847059,200,OK,true,695
1620385847054,200,OK,true,726
1620385847289,200,OK,true,721
1620385847755,200,OK,true,713
1620385847780,200,OK,true,761
1620385848010,200,OK,true,823
1620385848541,200,OK,true,719
1620385848471,200,OK,true,964
1620385848833,200,OK,true,670
1620385849260,200,OK,true,740
1620385849436,200,OK,true,741
1620385849503,200,OK,true,784
1620385850000,200,OK,true,744
1620385850177,200,OK,true,806
1620385850745,200,OK,true,663
1620385850288,200,OK,true,1193
1620385850984,200,OK,true,704
1620385851410,200,OK,true,773
1620385851688,200,OK,true,591
1620385851483,200,OK,true,1231
1620385852183,200,OK,true,760
1620385852280,200,OK,true,803
1620385852715,200,OK,true,699
1620385852943,200,OK,true,771
1620385853084,200,OK,true,741
1620385853414,200,OK,true,725
1620385853714,200,OK,true,830
1620385853825,200,OK,true,743
1620385854139,200,OK,true,766
1620385854545,200,OK,true,727
1620385854569,200,OK,true,801
1620385854905,200,OK,true,801
1620385855370,200,OK,true,676
1620385855272,200,OK,true,862
1620385855706,200,OK,true,718
1620385856046,200,OK,true,740
1620385856134,200,OK,true,754
1620385856425,200,OK,true,767
1620385856786,200,OK,true,780
1620385856888,200,OK,true,703
1620385857192,200,OK,true,629
1620385857591,200,OK,true,735
1620385857566,200,OK,true,775
1620385857821,200,OK,true,775
1620385858341,200,OK,true,657
1620385858327,200,OK,true,736
1620385858596,200,OK,true,706
1620385858999,200,OK,true,722
1620385859063,200,OK,true,737
1620385859302,200,OK,true,1003
1620385859800,200,OK,true,715
1620385859722,200,OK,true,1187
1620385860305,200,OK,true,717
1620385860515,200,OK,true,751
1620385860909,200,OK,true,793
1620385861023,200,OK,true,777
1620385861266,200,OK,true,785
1620385861702,200,OK,true,646
1620385861800,200,OK,true,720
1620385862052,200,OK,true,732
1620385862348,200,OK,true,746
1620385862521,200,OK,true,865
1620385862784,200,OK,true,681
1620385863095,200,OK,true,772
1620385863386,200,OK,true,738
1620385863465,200,OK,true,748
1620385863868,200,OK,true,595
1620385864124,200,OK,true,676
1620385864213,200,OK,true,820
1620385864463,200,OK,true,678
1620385864800,200,OK,true,749
1620385865034,200,OK,true,827
1620385865141,200,OK,true,779
1620385865549,200,OK,true,848
1620385865920,200,OK,true,755
1620385865862,200,OK,true,1093
1620385866397,200,OK,true,739
1620385866675,200,OK,true,737
1620385866956,200,OK,true,711
1620385867136,200,OK,true,796
1620385867412,200,OK,true,718
1620385867667,200,OK,true,613
1620385867932,200,OK,true,748
1620385868130,200,OK,true,709
1620385868281,200,OK,true,841
1620385868680,200,OK,true,739
1620385868839,200,OK,true,799
1620385869122,200,OK,true,691
1620385869419,200,OK,true,751
1620385869638,200,OK,true,818
1620385869813,200,OK,true,730
1620385870170,200,OK,true,744
1620385870456,200,OK,true,738
1620385870543,200,OK,true,693
1620385870913,200,OK,true,730
1620385871193,200,OK,true,774
1620385871235,200,OK,true,812
1620385871643,200,OK,true,741
1620385871968,200,OK,true,781
1620385872047,200,OK,true,832
1620385872384,200,OK,true,759
1620385872749,200,OK,true,671
1620385872879,200,OK,true,685
1620385873143,200,OK,true,753
1620385873420,200,OK,true,765
1620385873564,200,OK,true,702
1620385873896,200,OK,true,768
1620385874266,200,OK,true,762
1620385874185,200,OK,true,854
1620385874665,200,OK,true,670
1620385875029,200,OK,true,828
1620385875039,200,OK,true,862
1620385875336,200,OK,true,787
1620385875858,200,OK,true,714
1620385875901,200,OK,true,744
1620385876123,200,OK,true,1056
1620385876645,200,OK,true,697
1620385876572,200,OK,true,1155
1620385877180,200,OK,true,748
1620385877342,200,OK,true,983
1620385877727,200,OK,true,746
1620385877928,200,OK,true,800
1620385878325,200,OK,true,713
1620385878473,200,OK,true,749
1620385878729,200,OK,true,848
1620385879039,200,OK,true,724
1620385879222,200,OK,true,933
1620385879763,200,OK,true,688
1620385879577,200,OK,true,1130
1620385880156,200,OK,true,678
1620385880451,200,OK,true,785
1620385880834,200,OK,true,748
1620385880708,200,OK,true,1125
1620385881236,200,OK,true,763
1620385881582,200,OK,true,752
1620385881833,200,OK,true,710
1620385881999,200,OK,true,690
1620385882334,200,OK,true,768
1620385882543,200,OK,true,738
1620385882690,200,OK,true,722
1620385883102,200,OK,true,811
1620385883281,200,OK,true,705
1620385883412,200,OK,true,730
1620385883992,200,OK,true,714
1620385883913,200,OK,true,797
1620385884143,200,OK,true,693
1620385884706,200,OK,true,739
1620385884710,200,OK,true,778
1620385884836,200,OK,true,1182
1620385885445,200,OK,true,721
1620385885492,200,OK,true,693
1620385886020,200,OK,true,654
1620385886186,200,OK,true,682
1620385886167,200,OK,true,987
1620385886868,200,OK,true,773
1620385886674,200,OK,true,1075
1620385887155,200,OK,true,1200
1620385887642,200,OK,true,747
1620385887749,200,OK,true,1082
1620385888355,200,OK,true,742
1620385888389,200,OK,true,818
1620385888832,200,OK,true,938
1620385889097,200,OK,true,731
1620385889207,200,OK,true,800
1620385889771,200,OK,true,660
1620385890008,200,OK,true,783
1620385889828,200,OK,true,1134
1620385890431,200,OK,true,806
1620385890791,200,OK,true,771
1620385890963,200,OK,true,739
1620385891237,200,OK,true,791
1620385891562,200,OK,true,889
1620385891702,200,OK,true,752
1620385892029,200,OK,true,716
1620385892455,200,OK,true,687
1620385892451,200,OK,true,749
1620385892745,200,OK,true,907
1620385893142,200,OK,true,790
1620385893200,200,OK,true,775
1620385893653,200,OK,true,685
1620385893932,200,OK,true,653
1620385893975,200,OK,true,857
1620385894585,200,OK,true,697
1620385894338,200,OK,true,1060
1620385894832,200,OK,true,689
1620385895282,200,OK,true,716
1620385895398,200,OK,true,860
1620385895521,200,OK,true,737
1620385895998,200,OK,true,746
1620385896259,200,OK,true,741
1620385896259,200,OK,true,757
1620385896744,200,OK,true,750
1620385897000,200,OK,true,721
1620385897017,200,OK,true,785
1620385897497,200,OK,true,611
1620385897721,200,OK,true,740
1620385897802,200,OK,true,805
1620385898109,200,OK,true,734
1620385898607,200,OK,true,650
1620385898461,200,OK,true,865
1620385898843,200,OK,true,724
1620385899257,200,OK,true,773
1620385899326,200,OK,true,801
1620385899567,200,OK,true,976
1620385900030,200,OK,true,812
1620385900127,200,OK,true,755
1620385900543,200,OK,true,840
1620385900843,200,OK,true,643
1620385900882,200,OK,true,742
1620385901383,200,OK,true,772
1620385901486,200,OK,true,704
1620385901624,200,OK,true,766
1620385902156,200,OK,true,652
1620385902191,200,OK,true,664
1620385902391,200,OK,true,683
1620385902856,200,OK,true,698
1620385902808,200,OK,true,754
1620385903074,200,OK,true,716
1620385903554,200,OK,true,806
1620385903562,200,OK,true,804
1620385903790,200,OK,true,715
1620385904367,200,OK,true,791
1620385904360,200,OK,true,802
1620385904505,200,OK,true,703
1620385905162,200,OK,true,717
1620385905209,200,OK,true,756
1620385905158,200,OK,true,858
1620385905880,200,OK,true,641
1620385905965,200,OK,true,724
1620385906016,200,OK,true,723
1620385906522,200,OK,true,676
1620385906689,200,OK,true,720
1620385906739,200,OK,true,712
1620385907199,200,OK,true,707
1620385907451,200,OK,true,606
1620385907410,200,OK,true,681
1620385907906,200,OK,true,744
1620385908091,200,OK,true,767
1620385908057,200,OK,true,826
1620385908651,200,OK,true,760
1620385908883,200,OK,true,790
1620385908858,200,OK,true,1117
1620385909411,200,OK,true,814
1620385909673,200,OK,true,704
1620385909975,200,OK,true,767
1620385910225,200,OK,true,750
1620385910377,200,OK,true,692
1620385910743,200,OK,true,706
1620385910974,200,OK,true,699
1620385911068,200,OK,true,935
1620385911448,200,OK,true,644
1620385911673,200,OK,true,793
1620385912092,200,OK,true,673
1620385912003,200,OK,true,1125
1620385912466,200,OK,true,853
1620385912766,200,OK,true,784
1620385913128,200,OK,true,686
1620385913320,200,OK,true,720
1620385913550,200,OK,true,759
1620385913814,200,OK,true,875
1620385914041,200,OK,true,766
1620385914309,200,OK,true,742
1620385914690,200,OK,true,710
1620385915051,200,OK,true,674
1620385914807,200,OK,true,1118
1620385915400,200,OK,true,756
1620385915725,200,OK,true,726
1620385915926,200,OK,true,688
1620385916157,200,OK,true,729
1620385916451,200,OK,true,654
1620385916615,200,OK,true,802
1620385916886,200,OK,true,745
1620385917105,200,OK,true,805
1620385917418,200,OK,true,763
1620385917632,200,OK,true,735
1620385917910,200,OK,true,724
1620385918181,200,OK,true,782
1620385918367,200,OK,true,817
1620385918634,200,OK,true,791
1620385919184,200,OK,true,643
1620385918964,200,OK,true,1097
1620385919425,200,OK,true,809
1620385919828,200,OK,true,770
1620385920061,200,OK,true,747
1620385920235,200,OK,true,777
1620385920808,200,OK,true,715
1620385920598,200,OK,true,968
1620385921524,200,OK,true,649
1620385921012,200,OK,true,1197
1620385921566,200,OK,true,1183
1620385922210,200,OK,true,789
1620385922173,200,OK,true,1145
1620385922749,200,OK,true,788
1620385923005,200,OK,true,733
1620385923318,200,OK,true,673
1620385923537,200,OK,true,619
1620385923738,200,OK,true,711
1620385923991,200,OK,true,790
1620385924156,200,OK,true,702
1620385924782,200,OK,true,658
1620385924449,200,OK,true,1089
1620385924859,200,OK,true,751
1620385925440,200,OK,true,617
1620385925538,200,OK,true,711
1620385925610,200,OK,true,684
1620385926058,200,OK,true,637
1620385926250,200,OK,true,694
1620385926295,200,OK,true,773
1620385926696,200,OK,true,818
1620385927068,200,OK,true,757
1620385926944,200,OK,true,998
1620385927514,200,OK,true,815
1620385927943,200,OK,true,630
1620385927826,200,OK,true,1147
1620385928329,200,OK,true,801
1620385928573,200,OK,true,727
1620385928973,200,OK,true,721
1620385929131,200,OK,true,687
1620385929300,200,OK,true,741
1620385929695,200,OK,true,709
1620385929818,200,OK,true,606
1620385930042,200,OK,true,684
1620385930404,200,OK,true,911
1620385930425,200,OK,true,925
1620385930726,200,OK,true,749
1620385931350,200,OK,true,606
1620385931315,200,OK,true,756
1620385931475,200,OK,true,740
1620385931957,200,OK,true,654
1620385932071,200,OK,true,687
1620385932215,200,OK,true,967
1620385932611,200,OK,true,660
1620385932759,200,OK,true,642
1620385933182,200,OK,true,667
1620385933272,200,OK,true,716
1620385933401,200,OK,true,680
1620385933850,200,OK,true,779
1620385933988,200,OK,true,704
1620385934081,200,OK,true,736
1620385934629,200,OK,true,802
1620385934692,200,OK,true,816
1620385934817,200,OK,true,1179
1620385935509,200,OK,true,664
1620385935432,200,OK,true,1226
1620385935997,200,OK,true,735
1620385936173,200,OK,true,1076
1620385936732,200,OK,true,769
1620385936658,200,OK,true,1159
1620385937250,200,OK,true,819
1620385937501,200,OK,true,803
1620385937818,200,OK,true,742
1620385938069,200,OK,true,1094
1620385938561,200,OK,true,756
1620385938304,200,OK,true,1408
1620385939164,200,OK,true,737
1620385939317,200,OK,true,658
1620385939712,200,OK,true,745
1620385939901,200,OK,true,703
1620385939976,200,OK,true,703
1620385940604,200,OK,true,666
1620385940457,200,OK,true,829
1620385940680,200,OK,true,660
1620385941286,200,OK,true,662
1620385941340,200,OK,true,643
1620385941271,200,OK,true,809
1620385941983,200,OK,true,711
1620385941948,200,OK,true,755
1620385942080,200,OK,true,717
1620385942703,200,OK,true,683
1620385942695,200,OK,true,724
1620385942797,200,OK,true,1205
1620385943386,200,OK,true,659
1620385943419,200,OK,true,728
1620385944003,200,OK,true,792
1620385944045,200,OK,true,793
1620385944147,200,OK,true,728
1620385944795,200,OK,true,725
1620385944875,200,OK,true,778
1620385944838,200,OK,true,1295
1620385945520,200,OK,true,736
1620385945654,200,OK,true,1130
1620385946134,200,OK,true,723
1620385946256,200,OK,true,702
1620385946784,200,OK,true,716
1620385946857,200,OK,true,661
1620385946958,200,OK,true,801
1620385947518,200,OK,true,723
1620385947500,200,OK,true,763
1620385947759,200,OK,true,793
1620385948270,200,OK,true,719
1620385948241,200,OK,true,761
1620385948552,200,OK,true,725
1620385948989,200,OK,true,742
1620385949003,200,OK,true,1068
1620385949277,200,OK,true,1110
1620385949731,200,OK,true,833
1620385950071,200,OK,true,672
1620385950387,200,OK,true,691
1620385950564,200,OK,true,728
1620385950744,200,OK,true,680
1620385951077,200,OK,true,701
1620385951291,200,OK,true,777
1620385951423,200,OK,true,863
1620385951779,200,OK,true,651
1620385952068,200,OK,true,687
1620385952286,200,OK,true,620
1620385952430,200,OK,true,684
1620385952755,200,OK,true,759
1620385952906,200,OK,true,740
1620385953114,200,OK,true,1025
1620385953514,200,OK,true,686
1620385953647,200,OK,true,1085
1620385954140,200,OK,true,695
1620385954200,200,OK,true,744
1620385954835,200,OK,true,699
1620385954732,200,OK,true,816
1620385954944,200,OK,true,795
1620385955548,200,OK,true,734
1620385955534,200,OK,true,787
1620385956283,200,OK,true,668
1620385955740,200,OK,true,1225
1620385956321,200,OK,true,718
1620385956952,200,OK,true,728
1620385956965,200,OK,true,739
1620385957040,200,OK,true,703
1620385957704,200,OK,true,731
1620385957681,200,OK,true,790
1620385957744,200,OK,true,1369
1620385958436,200,OK,true,719
1620385958472,200,OK,true,777
1620385959114,200,OK,true,652
1620385959155,200,OK,true,735
1620385959249,200,OK,true,769
1620385959766,200,OK,true,783
1620385959890,200,OK,true,764
1620385960019,200,OK,true,1160
1620385960550,200,OK,true,658
1620385960655,200,OK,true,646
1620385961180,200,OK,true,710
1620385961208,200,OK,true,699
1620385961301,200,OK,true,659
1620385961908,200,OK,true,687
1620385961891,200,OK,true,722
1620385961960,200,OK,true,768
1620385962595,200,OK,true,692
1620385962614,200,OK,true,693
1620385962729,200,OK,true,1015
1620385963287,200,OK,true,756
1620385963307,200,OK,true,821
1620385963744,200,OK,true,740
1620385964043,200,OK,true,731
1620385964128,200,OK,true,752
1620385964484,200,OK,true,751
1620385964775,200,OK,true,783
1620385964880,200,OK,true,692
1620385965235,200,OK,true,617
1620385965572,200,OK,true,670
1620385965559,200,OK,true,683
1620385965854,200,OK,true,753
1620385966243,200,OK,true,684
1620385966243,200,OK,true,806
1620385966607,200,OK,true,728
1620385967049,200,OK,true,711
1620385966927,200,OK,true,889
1620385967336,200,OK,true,712
1620385967761,200,OK,true,740
1620385967816,200,OK,true,785
1620385968048,200,OK,true,779
1620385968601,200,OK,true,708
1620385968502,200,OK,true,875
1620385968828,200,OK,true,748
1620385969310,200,OK,true,653
1620385969377,200,OK,true,777
1620385969576,200,OK,true,673
1620385969963,200,OK,true,613
1620385970154,200,OK,true,802
1620385970249,200,OK,true,1059
1620385970577,200,OK,true,801
1620385970956,200,OK,true,752
1620385971308,200,OK,true,762
1620385971379,200,OK,true,768
1620385971709,200,OK,true,764
1620385972070,200,OK,true,749
1620385972147,200,OK,true,704
1620385972473,200,OK,true,806
1620385972851,200,OK,true,642
1620385972820,200,OK,true,751
1620385973279,200,OK,true,704
1620385973494,200,OK,true,802
1620385973572,200,OK,true,774
1620385973983,200,OK,true,771
1620385974296,200,OK,true,745
1620385974346,200,OK,true,741
1620385974755,200,OK,true,582
1620385975087,200,OK,true,684
1620385975041,200,OK,true,769
1620385975337,200,OK,true,665
1620385975771,200,OK,true,749
1620385975811,200,OK,true,711
1620385976002,200,OK,true,721
1620385976521,200,OK,true,666
1620385976522,200,OK,true,701
1620385976723,200,OK,true,1094
1620385977187,200,OK,true,749
1620385977223,200,OK,true,718
1620385977817,200,OK,true,755
1620385977936,200,OK,true,710
1620385977942,200,OK,true,874
1620385978572,200,OK,true,683
1620385978646,200,OK,true,711
1620385978816,200,OK,true,759
1620385979255,200,OK,true,778
1620385979357,200,OK,true,830
1620385979575,200,OK,true,1003
1620385980033,200,OK,true,763
1620385980187,200,OK,true,837
1620385980578,200,OK,true,821
1620385980797,200,OK,true,769
1620385981028,200,OK,true,794
1620385981399,200,OK,true,722
1620385981566,200,OK,true,783
1620385981822,200,OK,true,744
1620385982122,200,OK,true,720
1620385982349,200,OK,true,796
1620385982566,200,OK,true,747
1620385982842,200,OK,true,738
1620385983145,200,OK,true,724
1620385983314,200,OK,true,736
1620385983580,200,OK,true,754
1620385983869,200,OK,true,702
1620385984051,200,OK,true,686
1620385984334,200,OK,true,828
1620385984571,200,OK,true,722
1620385984738,200,OK,true,649
1620385985162,200,OK,true,747
1620385985387,200,OK,true,721
1620385985293,200,OK,true,1148
1620385985910,200,OK,true,747
1620385986108,200,OK,true,793
1620385986442,200,OK,true,660
1620385986657,200,OK,true,762
1620385987102,200,OK,true,644
1620385986901,200,OK,true,1089
1620385987420,200,OK,true,751
1620385987746,200,OK,true,772
1620385988171,200,OK,true,645
1620385987990,200,OK,true,1088
1620385988519,200,OK,true,803
1620385988816,200,OK,true,716
1620385989078,200,OK,true,750
1620385989323,200,OK,true,700
1620385989533,200,OK,true,804
1620385989829,200,OK,true,786
1620385990032,200,OK,true,719
1620385990337,200,OK,true,840
1620385990615,200,OK,true,848
1620385990752,200,OK,true,782
1620385991177,200,OK,true,792
1620385991462,200,OK,true,740
1620385991533,200,OK,true,760
1620385991969,200,OK,true,623
1620385992202,200,OK,true,737
1620385992293,200,OK,true,681
1620385992593,200,OK,true,739
1620385992939,200,OK,true,706
1620385992974,200,OK,true,915
1620385993645,200,OK,true,746
1620385993332,200,OK,true,1216
1620385993889,200,OK,true,1171
1620385994391,200,OK,true,794
1620385994548,200,OK,true,1188
1620385995061,200,OK,true,696
1620385995185,200,OK,true,695
1620385995737,200,OK,true,634
1620385995880,200,OK,true,715
1620385995757,200,OK,true,1122
1620385996372,200,OK,true,1023
1620385996595,200,OK,true,809
1620385996880,200,OK,true,1054
1620385997405,200,OK,true,691
1620385997396,200,OK,true,1144
1620385997934,200,OK,true,807
1620385998096,200,OK,true,795
1620385998541,200,OK,true,759
1620385998741,200,OK,true,699
1620385998891,200,OK,true,698
1620385999301,200,OK,true,709
1620385999590,200,OK,true,683
1620385999441,200,OK,true,1140
1620386000273,200,OK,true,709
1620386000011,200,OK,true,1077
1620386000581,200,OK,true,1054
1620386000982,200,OK,true,747
1620386001088,200,OK,true,655
1620386001635,200,OK,true,759
1620386001744,200,OK,true,761
1620386001729,200,OK,true,793
1620386002395,200,OK,true,749
1620386002522,200,OK,true,703
1620386002506,200,OK,true,1231
1620386003144,200,OK,true,845
1620386003225,200,OK,true,1038
1620386003738,200,OK,true,826
1620386003989,200,OK,true,818
1620386004564,200,OK,true,798
1620386004264,200,OK,true,1158
1620386004807,200,OK,true,748
1620386005362,200,OK,true,744
1620386005555,200,OK,true,706
1620386005423,200,OK,true,1248
1620386006107,200,OK,true,717
1620386006262,200,OK,true,778
1620386006672,200,OK,true,924
1620386007040,200,OK,true,640
1620386006824,200,OK,true,1340
1620386007596,200,OK,true,712
1620386007680,200,OK,true,668
1620386008165,200,OK,true,773
1620386008309,200,OK,true,726
1620386008348,200,OK,true,698
1620386008938,200,OK,true,697
1620386009040,200,OK,true,753
1620386009046,200,OK,true,814
1620386009635,200,OK,true,850
1620386009861,200,OK,true,685
1620386009794,200,OK,true,838
1620386010486,200,OK,true,790
1620386010632,200,OK,true,662
1620386010547,200,OK,true,810
1620386011276,200,OK,true,706
1620386011295,200,OK,true,799
1620386011983,200,OK,true,673
1620386011358,200,OK,true,1303
1620386012094,200,OK,true,711
1620386012656,200,OK,true,772
1620386012661,200,OK,true,794
1620386012805,200,OK,true,1190
1620386013428,200,OK,true,701
1620386013455,200,OK,true,748
1620386013995,200,OK,true,800
1620386014129,200,OK,true,677
1620386014203,200,OK,true,1144
1620386014796,200,OK,true,647
1620386014806,200,OK,true,713
1620386015348,200,OK,true,644
1620386015443,200,OK,true,745
1620386015519,200,OK,true,816
1620386015993,200,OK,true,811
1620386016188,200,OK,true,716
1620386016335,200,OK,true,720
1620386016805,200,OK,true,761
1620386017056,200,OK,true,686
1620386016904,200,OK,true,1145
1620386017566,200,OK,true,619
1620386017742,200,OK,true,751
1620386018049,200,OK,true,669
1620386018185,200,OK,true,744
1620386018493,200,OK,true,770
1620386018718,200,OK,true,661
1620386019263,200,OK,true,663
1620386018929,200,OK,true,1009
1620386019379,200,OK,true,623
1620386019938,200,OK,true,681
1620386019926,200,OK,true,774
1620386020003,200,OK,true,731
1620386020620,200,OK,true,732
1620386020734,200,OK,true,656
1620386020700,200,OK,true,706
1620386021352,200,OK,true,627
1620386021391,200,OK,true,719
1620386021406,200,OK,true,1179
1620386022110,200,OK,true,666
1620386021979,200,OK,true,1112
1620386022585,200,OK,true,700
1620386022776,200,OK,true,709
1620386023285,200,OK,true,681
1620386023092,200,OK,true,922
1620386023485,200,OK,true,1108
1620386023967,200,OK,true,643
1620386024014,200,OK,true,791
1620386024610,200,OK,true,776
1620386024594,200,OK,true,939
1620386024805,200,OK,true,741
1620386025386,200,OK,true,752
1620386025548,200,OK,true,732
1620386025533,200,OK,true,779
1620386026138,200,OK,true,708
1620386026312,200,OK,true,694
1620386026281,200,OK,true,779
1620386026847,200,OK,true,738
1620386027006,200,OK,true,699
1620386027060,200,OK,true,720
1620386027585,200,OK,true,680
1620386027780,200,OK,true,721
1620386027705,200,OK,true,842
1620386028266,200,OK,true,832
1620386028550,200,OK,true,622
1620386028502,200,OK,true,733
1620386029098,200,OK,true,695
1620386029236,200,OK,true,628
1620386029173,200,OK,true,721
1620386029864,200,OK,true,716
1620386029895,200,OK,true,689
1620386029794,200,OK,true,838
1620386030580,200,OK,true,701
1620386030632,200,OK,true,751
1620386030584,200,OK,true,832
1620386031280,200,OK,true,682
1620386031382,200,OK,true,638
1620386031415,200,OK,true,705
1620386031962,200,OK,true,721
1620386032120,200,OK,true,877
1620386032020,200,OK,true,1310
1620386032683,200,OK,true,752
1620386032998,200,OK,true,732
1620386033330,200,OK,true,640
1620386033435,200,OK,true,762
1620386033730,200,OK,true,764
1620386033970,200,OK,true,756
1620386034197,200,OK,true,683
1620386034494,200,OK,true,799
1620386034726,200,OK,true,783
1620386034880,200,OK,true,757
1620386035293,200,OK,true,791
1620386035509,200,OK,true,812
1620386035637,200,OK,true,690
1620386036084,200,OK,true,649
1620386036327,200,OK,true,659
1620386036322,200,OK,true,796
1620386036733,200,OK,true,971
1620386036986,200,OK,true,815
1620386037118,200,OK,true,734
1620386037705,200,OK,true,665
1620386037853,200,OK,true,679
1620386037801,200,OK,true,821
1620386038371,200,OK,true,711
1620386038622,200,OK,true,674
1620386038532,200,OK,true,1199
1620386039082,200,OK,true,754
1620386039296,200,OK,true,858
1620386039732,200,OK,true,690
1620386039836,200,OK,true,749
1620386040154,200,OK,true,705
1620386040423,200,OK,true,703
1620386040585,200,OK,true,837
1620386040860,200,OK,true,651
1620386041128,200,OK,true,612
1620386041423,200,OK,true,672
1620386041511,200,OK,true,754
1620386042095,200,OK,true,622
1620386041741,200,OK,true,994
1620386042265,200,OK,true,711
1620386042735,200,OK,true,649
1620386042717,200,OK,true,735
1620386043384,200,OK,true,667
1620386042976,200,OK,true,1112
1620386043453,200,OK,true,742
1620386044051,200,OK,true,724
1620386044089,200,OK,true,765
1620386044195,200,OK,true,1169
1620386044776,200,OK,true,728
1620386044855,200,OK,true,774
1620386045364,200,OK,true,776
1620386045629,200,OK,true,742
1620386045504,200,OK,true,1309
1620386046140,200,OK,true,705
1620386046371,200,OK,true,706
1620386046845,200,OK,true,736
1620386046813,200,OK,true,818
1620386047077,200,OK,true,721
1620386047631,200,OK,true,674
1620386047581,200,OK,true,793
1620386047798,200,OK,true,712
1620386048305,200,OK,true,739
1620386048510,200,OK,true,665
1620386048374,200,OK,true,857
1620386049175,200,OK,true,699
1620386049044,200,OK,true,843
1620386049231,200,OK,true,778
1620386049874,200,OK,true,647
1620386049888,200,OK,true,755
1620386050010,200,OK,true,716
1620386050521,200,OK,true,615
1620386050644,200,OK,true,768
1620386050726,200,OK,true,728
1620386051137,200,OK,true,604
1620386051412,200,OK,true,878
1620386051742,200,OK,true,721
1620386051454,200,OK,true,1406
1620386052290,200,OK,true,754
1620386052463,200,OK,true,936
1620386052861,200,OK,true,796
1620386053044,200,OK,true,693
1620386053399,200,OK,true,870
1620386053657,200,OK,true,742
1620386053737,200,OK,true,1140
1620386054269,200,OK,true,821
1620386054399,200,OK,true,716
1620386054877,200,OK,true,808
1620386055090,200,OK,true,684
1620386055115,200,OK,true,803
1620386055685,200,OK,true,851
1620386055774,200,OK,true,777
1620386055919,200,OK,true,764
1620386056537,200,OK,true,629
1620386056683,200,OK,true,772
1620386056551,200,OK,true,1128
1620386057167,200,OK,true,740
1620386057455,200,OK,true,725
1620386057679,200,OK,true,777
1620386057907,200,OK,true,758
1620386058180,200,OK,true,757
1620386058456,200,OK,true,704
1620386058938,200,OK,true,730
1620386058666,200,OK,true,1071
1620386059160,200,OK,true,775
1620386059669,200,OK,true,739
1620386059935,200,OK,true,740
1620386059738,200,OK,true,1248
1620386060408,200,OK,true,778
1620386060675,200,OK,true,772
1620386060986,200,OK,true,755
1620386061186,200,OK,true,740
1620386061447,200,OK,true,700
1620386061741,200,OK,true,777
1620386061926,200,OK,true,741
1620386062147,200,OK,true,744
1620386062519,200,OK,true,657
1620386062667,200,OK,true,749
1620386062891,200,OK,true,747
1620386063176,200,OK,true,707
1620386063416,200,OK,true,838
1620386063883,200,OK,true,669
1620386063638,200,OK,true,1126
1620386064552,200,OK,true,622
1620386064254,200,OK,true,1083
1620386065174,200,OK,true,682
1620386064764,200,OK,true,1112
1620386065337,200,OK,true,760
1620386065876,200,OK,true,632
1620386065856,200,OK,true,743
1620386066097,200,OK,true,776
1620386066599,200,OK,true,706
1620386066508,200,OK,true,960
1620386067306,200,OK,true,709
1620386066873,200,OK,true,1144
1620386067468,200,OK,true,778
1620386068017,200,OK,true,810
1620386068246,200,OK,true,686
1620386068015,200,OK,true,1367
1620386068827,200,OK,true,724
1620386068933,200,OK,true,762
1620386069383,200,OK,true,761
1620386069551,200,OK,true,691
1620386069695,200,OK,true,767
1620386070144,200,OK,true,681
1620386070462,200,OK,true,797
1620386070243,200,OK,true,1132
1620386070825,200,OK,true,752
1620386071259,200,OK,true,750
1620386071577,200,OK,true,681
1620386071376,200,OK,true,1208
1620386072009,200,OK,true,685
1620386072259,200,OK,true,781
1620386072694,200,OK,true,688
1620386072585,200,OK,true,808
1620386073041,200,OK,true,669
1620386073382,200,OK,true,618
1620386073393,200,OK,true,713
1620386073710,200,OK,true,819
1620386074000,200,OK,true,724
1620386074106,200,OK,true,1002
1620386074529,200,OK,true,776
1620386074724,200,OK,true,760
1620386075108,200,OK,true,857
1620386075305,200,OK,true,746
1620386075484,200,OK,true,753
1620386075967,200,OK,true,677
1620386076052,200,OK,true,786
1620386076239,200,OK,true,643
1620386076644,200,OK,true,794
1620386076838,200,OK,true,708
1620386076882,200,OK,true,714
1620386077438,200,OK,true,645
1620386077547,200,OK,true,665
1620386077597,200,OK,true,695
1620386078083,200,OK,true,846
1620386078212,200,OK,true,730
1620386078292,200,OK,true,718
1620386078929,200,OK,true,685
1620386078942,200,OK,true,800
1620386079010,200,OK,true,1171
1620386079614,200,OK,true,672
1620386080181,200,OK,true,704
1620386079743,200,OK,true,1330
1620386080287,200,OK,true,895
1620386080885,200,OK,true,740
1620386081073,200,OK,true,683
1620386081183,200,OK,true,696
1620386081625,200,OK,true,764
1620386081757,200,OK,true,734
1620386081879,200,OK,true,826
1620386082389,200,OK,true,740
1620386082491,200,OK,true,696
1620386082705,200,OK,true,649
1620386083130,200,OK,true,738
1620386083188,200,OK,true,712
1620386083355,200,OK,true,700
1620386083900,200,OK,true,723
1620386083869,200,OK,true,785
1620386084056,200,OK,true,736
1620386084623,200,OK,true,756
1620386084654,200,OK,true,728
1620386084793,200,OK,true,657
1620386085450,200,OK,true,680
1620386085382,200,OK,true,772
1620386085379,200,OK,true,833
1620386086154,200,OK,true,647
1620386086131,200,OK,true,700
1620386086213,200,OK,true,734
1620386086802,200,OK,true,752
1620386086831,200,OK,true,734
1620386086947,200,OK,true,723
1620386087555,200,OK,true,743
1620386087566,200,OK,true,774
1620386087670,200,OK,true,845
1620386088298,200,OK,true,714
1620386088340,200,OK,true,761
1620386088516,200,OK,true,702
1620386089012,200,OK,true,682
1620386089101,200,OK,true,768
1620386089218,200,OK,true,681
1620386089695,200,OK,true,635
1620386089869,200,OK,true,778
1620386089899,200,OK,true,790
1620386090331,200,OK,true,756
1620386090690,200,OK,true,801
1620386090647,200,OK,true,1049
1620386091088,200,OK,true,788
1620386091491,200,OK,true,748
1620386091696,200,OK,true,733
1620386091876,200,OK,true,767
1620386092239,200,OK,true,701
1620386092429,200,OK,true,721
1620386092643,200,OK,true,729
1620386092941,200,OK,true,818
1620386093150,200,OK,true,809
1620386093372,200,OK,true,1177
1620386093760,200,OK,true,794
1620386093959,200,OK,true,683
1620386094554,200,OK,true,597
1620386094549,200,OK,true,763
1620386095152,200,OK,true,679
1620386094642,200,OK,true,1262
1620386095312,200,OK,true,742
1620386095831,200,OK,true,700
1620386095904,200,OK,true,627
1620386096055,200,OK,true,798
1620386096532,200,OK,true,731
1620386096532,200,OK,true,772
1620386096854,200,OK,true,890
1620386097305,200,OK,true,662
1620386097264,200,OK,true,774
1620386097744,200,OK,true,732
1620386098038,200,OK,true,705
1620386097967,200,OK,true,782
1620386098476,200,OK,true,696
1620386098744,200,OK,true,677
1620386098750,200,OK,true,736
1620386099421,200,OK,true,682
1620386099172,200,OK,true,937
1620386099486,200,OK,true,690
1620386100103,200,OK,true,732
1620386100109,200,OK,true,747
1620386100177,200,OK,true,721
1620386100835,200,OK,true,779
1620386100856,200,OK,true,781
1620386100898,200,OK,true,764
1620386101662,200,OK,true,604
1620386101637,200,OK,true,755
1620386101615,200,OK,true,824
1620386102267,200,OK,true,704
1620386102439,200,OK,true,750
1620386102392,200,OK,true,1114
1620386102971,200,OK,true,741
1620386103189,200,OK,true,732
1620386103506,200,OK,true,657
1620386103712,200,OK,true,663
1620386103921,200,OK,true,699
1620386104163,200,OK,true,775
1620386104375,200,OK,true,737
1620386104620,200,OK,true,770
1620386104939,200,OK,true,692
1620386105112,200,OK,true,642
1620386105390,200,OK,true,677
1620386105631,200,OK,true,757
1620386105755,200,OK,true,792
1620386106067,200,OK,true,712
1620386106388,200,OK,true,703
1620386106546,200,OK,true,692
1620386106779,200,OK,true,987
1620386107091,200,OK,true,740
1620386107238,200,OK,true,607
1620386107766,200,OK,true,827
1620386107846,200,OK,true,763
1620386107831,200,OK,true,1274
1620386108610,200,OK,true,749
1620386108594,200,OK,true,775
1620386109106,200,OK,true,744
1620386109359,200,OK,true,720
1620386109369,200,OK,true,760
1620386109850,200,OK,true,698
1620386110082,200,OK,true,634
1620386110129,200,OK,true,786
1620386110549,200,OK,true,663
1620386110716,200,OK,true,860
1620386110915,200,OK,true,707
1620386111213,200,OK,true,719
1620386111583,200,OK,true,717
1620386111932,200,OK,true,691
1620386111623,200,OK,true,1193
1620386112624,200,OK,true,696
1620386112301,200,OK,true,1115
1620386112816,200,OK,true,966
1620386113320,200,OK,true,732
1620386113416,200,OK,true,705
1620386113782,200,OK,true,709
1620386114052,200,OK,true,748
1620386114491,200,OK,true,702
1620386114122,200,OK,true,1335
1620386114800,200,OK,true,723
1620386115193,200,OK,true,735
1620386115458,200,OK,true,846
1620386115523,200,OK,true,899
1620386115928,200,OK,true,686
1620386116304,200,OK,true,807
1620386116422,200,OK,true,713
1620386116614,200,OK,true,757
1620386117111,200,OK,true,742
1620386117135,200,OK,true,792
1620386117372,200,OK,true,814
1620386117927,200,OK,true,647
1620386117854,200,OK,true,772
1620386118186,200,OK,true,1008
1620386118627,200,OK,true,695
1620386118574,200,OK,true,751
1620386119194,200,OK,true,689
1620386119325,200,OK,true,701
1620386119322,200,OK,true,719
1620386119884,200,OK,true,757
1620386120027,200,OK,true,713
1620386120041,200,OK,true,740
1620386120740,200,OK,true,686
1620386120642,200,OK,true,789
1620386120781,200,OK,true,748
1620386121431,200,OK,true,667
1620386121427,200,OK,true,770
1620386121529,200,OK,true,811
1620386122099,200,OK,true,692
1620386122197,200,OK,true,845
1620386122792,200,OK,true,730
1620386122340,200,OK,true,1282
1620386123522,200,OK,true,736
1620386123042,200,OK,true,1232
1620386123622,200,OK,true,755
1620386124274,200,OK,true,654
1620386124259,200,OK,true,819
1620386124377,200,OK,true,714
1620386124929,200,OK,true,668
1620386125078,200,OK,true,703
1620386125091,200,OK,true,704
1620386125598,200,OK,true,802
1620386125795,200,OK,true,755
1620386125781,200,OK,true,809
1620386126402,200,OK,true,739
1620386126551,200,OK,true,749
1620386126591,200,OK,true,814
1620386127142,200,OK,true,836
1620386127406,200,OK,true,625
1620386127300,200,OK,true,782
1620386127978,200,OK,true,685
1620386128031,200,OK,true,632
1620386128082,200,OK,true,1135
1620386128663,200,OK,true,693
1620386128663,200,OK,true,717
1620386129356,200,OK,true,663
1620386129217,200,OK,true,816
1620386129381,200,OK,true,786
1620386130019,200,OK,true,692
1620386130033,200,OK,true,749
1620386130167,200,OK,true,881
1620386130712,200,OK,true,765
1620386130782,200,OK,true,722
1620386131049,200,OK,true,763
1620386131504,200,OK,true,666
1620386131477,200,OK,true,708
1620386131812,200,OK,true,640
1620386132170,200,OK,true,733
1620386132185,200,OK,true,722
1620386132452,200,OK,true,1094
1620386132904,200,OK,true,675
1620386132907,200,OK,true,1233
1620386133547,200,OK,true,685
1620386133579,200,OK,true,747
1620386134140,200,OK,true,770
1620386134232,200,OK,true,781
1620386134326,200,OK,true,1284
1620386134911,200,OK,true,716
1620386135013,200,OK,true,731
1620386135611,200,OK,true,676
1620386135627,200,OK,true,765
1620386135744,200,OK,true,707
1620386136288,200,OK,true,781
1620386136451,200,OK,true,686
1620386136393,200,OK,true,834
1620386137070,200,OK,true,810
1620386137137,200,OK,true,825
1620386137227,200,OK,true,857
1620386137880,200,OK,true,774
1620386138084,200,OK,true,717
1620386137962,200,OK,true,1295
1620386138655,200,OK,true,729
1620386138801,200,OK,true,767
1620386139257,200,OK,true,717
1620386139568,200,OK,true,706
1620386139384,200,OK,true,1233
1620386139975,200,OK,true,696
1620386140275,200,OK,true,686
1620386140618,200,OK,true,784
1620386140671,200,OK,true,738
1620386140962,200,OK,true,665
1620386141402,200,OK,true,666
1620386141409,200,OK,true,678
1620386141627,200,OK,true,927
1620386142087,200,OK,true,639
1620386142069,200,OK,true,778
1620386142555,200,OK,true,763
1620386142726,200,OK,true,722
1620386142847,200,OK,true,766
1620386143319,200,OK,true,736
1620386143614,200,OK,true,733
1620386143448,200,OK,true,1122
1620386144055,200,OK,true,736
1620386144347,200,OK,true,699
1620386144570,200,OK,true,699
1620386144791,200,OK,true,718
1620386145046,200,OK,true,716
1620386145270,200,OK,true,677
1620386145509,200,OK,true,845
1620386145762,200,OK,true,755
1620386145947,200,OK,true,760
1620386146518,200,OK,true,797
1620386146354,200,OK,true,1014
1620386146707,200,OK,true,797
1620386147316,200,OK,true,655
1620386147368,200,OK,true,783
1620386147504,200,OK,true,746
1620386147971,200,OK,true,738
1620386148151,200,OK,true,689
1620386148250,200,OK,true,736
1620386148710,200,OK,true,751
1620386148840,200,OK,true,714
1620386148986,200,OK,true,687
1620386149461,200,OK,true,730
1620386149554,200,OK,true,731
1620386149673,200,OK,true,720
1620386150192,200,OK,true,734
1620386150285,200,OK,true,702
1620386150393,200,OK,true,1223
1620386150925,200,OK,true,756
1620386150986,200,OK,true,740
1620386151616,200,OK,true,665
1620386151681,200,OK,true,743
1620386151727,200,OK,true,708
1620386152282,200,OK,true,754
1620386152435,200,OK,true,686
1620386152424,200,OK,true,1185
1620386153037,200,OK,true,793
1620386153610,200,OK,true,670
1620386153122,200,OK,true,1267
1620386153830,200,OK,true,676
1620386154281,200,OK,true,822
1620386154390,200,OK,true,735
1620386154506,200,OK,true,749
1620386155104,200,OK,true,701
1620386155125,200,OK,true,752
1620386155255,200,OK,true,737
1620386155805,200,OK,true,702
1620386155877,200,OK,true,704
1620386155992,200,OK,true,791
1620386156507,200,OK,true,699
1620386156581,200,OK,true,747
1620386157206,200,OK,true,614
1620386156783,200,OK,true,1094
1620386157328,200,OK,true,709
1620386157821,200,OK,true,694
1620386157877,200,OK,true,790
1620386158037,200,OK,true,705
1620386158515,200,OK,true,810
1620386158667,200,OK,true,720
1620386158742,200,OK,true,1258
1620386159325,200,OK,true,729
1620386159387,200,OK,true,1216
1620386160001,200,OK,true,664
1620386160054,200,OK,true,764
1620386160603,200,OK,true,700
1620386160666,200,OK,true,705
1620386160819,200,OK,true,1178
1620386161371,200,OK,true,758
1620386161303,200,OK,true,832
1620386161997,200,OK,true,702
1620386162129,200,OK,true,770
1620386162700,200,OK,true,717
1620386162136,200,OK,true,1400
1620386162899,200,OK,true,835
1620386163418,200,OK,true,743
1620386163536,200,OK,true,785
1620386163734,200,OK,true,744
1620386164161,200,OK,true,783
1620386164321,200,OK,true,760
1620386164478,200,OK,true,1023
1620386165081,200,OK,true,733
1620386164945,200,OK,true,1081
1620386165502,200,OK,true,801
1620386165815,200,OK,true,921
1620386166027,200,OK,true,794
1620386166304,200,OK,true,1024
1620386166738,200,OK,true,721
1620386166821,200,OK,true,780
1620386167329,200,OK,true,815
1620386167459,200,OK,true,701
1620386167608,200,OK,true,710
1620386168144,200,OK,true,774
1620386168319,200,OK,true,795
1620386168161,200,OK,true,1236
1620386168918,200,OK,true,738
1620386169114,200,OK,true,727
1620386169398,200,OK,true,799
1620386169657,200,OK,true,741
1620386170198,200,OK,true,655
1620386169841,200,OK,true,1206
1620386170399,200,OK,true,680
1620386170853,200,OK,true,798
1620386171047,200,OK,true,651
1620386171079,200,OK,true,741
1620386171651,200,OK,true,671
1620386171699,200,OK,true,698
1620386171820,200,OK,true,675
1620386172323,200,OK,true,783
1620386172397,200,OK,true,812
1620386172495,200,OK,true,1184
1620386173107,200,OK,true,707
1620386173209,200,OK,true,748
1620386173679,200,OK,true,649
1620386173814,200,OK,true,693
1620386173957,200,OK,true,622
1620386174329,200,OK,true,750
1620386174507,200,OK,true,717
1620386174579,200,OK,true,1092
1620386175224,200,OK,true,752
1620386175080,200,OK,true,1143
1620386175672,200,OK,true,753
1620386175976,200,OK,true,804
1620386176224,200,OK,true,728
1620386176426,200,OK,true,631
1620386176781,200,OK,true,809
1620386176953,200,OK,true,713
1620386177057,200,OK,true,1148
1620386177590,200,OK,true,759
1620386177666,200,OK,true,1179
1620386178349,200,OK,true,702
1620386178206,200,OK,true,1189
1620386179051,200,OK,true,718
1620386178845,200,OK,true,982
1620386179395,200,OK,true,993
1620386179769,200,OK,true,755
1620386179827,200,OK,true,1119
1620386180388,200,OK,true,705
1620386180524,200,OK,true,1073
1620386181094,200,OK,true,778
1620386180946,200,OK,true,1251
1620386181598,200,OK,true,786
1620386181872,200,OK,true,782
1620386182198,200,OK,true,717
1620386182384,200,OK,true,681
1620386182654,200,OK,true,762
1620386182915,200,OK,true,963
1620386183065,200,OK,true,856
1620386183417,200,OK,true,712
1620386183878,200,OK,true,785
1620386183921,200,OK,true,776
1620386184130,200,OK,true,718
1620386184697,200,OK,true,698
1620386184663,200,OK,true,735
1620386184849,200,OK,true,701
1620386185395,200,OK,true,646
1620386185399,200,OK,true,731
1620386185550,200,OK,true,680
1620386186042,200,OK,true,739
1620386186130,200,OK,true,1148
1620386186781,200,OK,true,705
1620386186230,200,OK,true,1564
1620386187278,200,OK,true,641
1620386187486,200,OK,true,880
1620386187919,200,OK,true,638
1620386187794,200,OK,true,830
1620386188366,200,OK,true,731
1620386188558,200,OK,true,705
1620386188624,200,OK,true,1075
1620386189263,200,OK,true,676
1620386189097,200,OK,true,1112
1620386189700,200,OK,true,685
1620386189939,200,OK,true,846
1620386190209,200,OK,true,819
1620386190385,200,OK,true,691
1620386190785,200,OK,true,741
1620386191076,200,OK,true,725
1620386191028,200,OK,true,817
1620386191801,200,OK,true,632
1620386191527,200,OK,true,935
1620386191846,200,OK,true,663
1620386192434,200,OK,true,698
1620386192462,200,OK,true,726
1620386192510,200,OK,true,831
1620386193133,200,OK,true,702
1620386193188,200,OK,true,735
1620386193341,200,OK,true,715
1620386193836,200,OK,true,773
1620386193924,200,OK,true,778
1620386194057,200,OK,true,731
1620386194610,200,OK,true,632
1620386194703,200,OK,true,758
1620386194788,200,OK,true,782
1620386195242,200,OK,true,827
1620386195461,200,OK,true,764
1620386195570,200,OK,true,1063
1620386196069,200,OK,true,682
1620386196224,200,OK,true,647
1620386196633,200,OK,true,762
1620386196751,200,OK,true,742
1620386196871,200,OK,true,1111
1620386197395,200,OK,true,751
1620386197494,200,OK,true,665
1620386197982,200,OK,true,799
1620386198147,200,OK,true,727
1620386198159,200,OK,true,744
1620386198781,200,OK,true,617
1620386198903,200,OK,true,815
1620386198874,200,OK,true,1066
1620386199398,200,OK,true,785
1620386199718,200,OK,true,853
1620386199940,200,OK,true,728
1620386200183,200,OK,true,907
1620386200572,200,OK,true,722
1620386200669,200,OK,true,676
1620386201090,200,OK,true,734
1620386201294,200,OK,true,699
1620386201345,200,OK,true,787
1620386201824,200,OK,true,874
1620386201993,200,OK,true,735
1620386202132,200,OK,true,686
1620386202699,200,OK,true,767
1620386202818,200,OK,true,795
1620386202728,200,OK,true,1268
1620386203467,200,OK,true,681
1620386203622,200,OK,true,800
1620386203996,200,OK,true,621
1620386204148,200,OK,true,709
1620386204422,200,OK,true,701
1620386204622,200,OK,true,765
1620386204857,200,OK,true,693
1620386205123,200,OK,true,766
1620386205388,200,OK,true,739
1620386205550,200,OK,true,907
1620386205890,200,OK,true,727
1620386206127,200,OK,true,729
1620386206458,200,OK,true,818
1620386206856,200,OK,true,810
1620386206623,200,OK,true,1141
1620386207277,200,OK,true,694
1620386207667,200,OK,true,739
1620386207764,200,OK,true,734
1620386207971,200,OK,true,712
1620386208498,200,OK,true,669
1620386208407,200,OK,true,811
1620386208683,200,OK,true,826
1620386209219,200,OK,true,659
1620386209167,200,OK,true,770
1620386209510,200,OK,true,752
1620386209878,200,OK,true,696
1620386209938,200,OK,true,927
1620386210574,200,OK,true,770
1620386210262,200,OK,true,1158
1620386210865,200,OK,true,761
1620386211345,200,OK,true,682
1620386211420,200,OK,true,762
1620386211626,200,OK,true,748
1620386212028,200,OK,true,729
1620386212182,200,OK,true,761
1620386212757,200,OK,true,703
1620386212374,200,OK,true,1103
1620386212943,200,OK,true,1109
1620386213460,200,OK,true,666
1620386213477,200,OK,true,838
1620386214052,200,OK,true,756
1620386214126,200,OK,true,717
1620386214315,200,OK,true,708
1620386214809,200,OK,true,749
1620386214844,200,OK,true,744
1620386215023,200,OK,true,658
1620386215558,200,OK,true,662
1620386215588,200,OK,true,769
1620386215681,200,OK,true,1069
1620386216357,200,OK,true,671
1620386216221,200,OK,true,1025
1620386216750,200,OK,true,1011
1620386217029,200,OK,true,811
1620386217246,200,OK,true,794
1620386217840,200,OK,true,720
1620386217761,200,OK,true,830
1620386218040,200,OK,true,681
1620386218591,200,OK,true,672
1620386218561,200,OK,true,739
1620386218722,200,OK,true,728
1620386219300,200,OK,true,628
1620386219264,200,OK,true,790
1620386219450,200,OK,true,696
1620386219929,200,OK,true,679
1620386220054,200,OK,true,801
1620386220609,200,OK,true,737
1620386220146,200,OK,true,1254
1620386220857,200,OK,true,1176
1620386221401,200,OK,true,668
1620386221347,200,OK,true,1216
1620386222070,200,OK,true,687
1620386222034,200,OK,true,803
1620386222563,200,OK,true,738
1620386222757,200,OK,true,693
1620386222837,200,OK,true,1174
1620386223301,200,OK,true,1307
1620386223450,200,OK,true,1752
1620386224608,200,OK,true,727
1620386224011,200,OK,true,1731
1620386225202,200,OK,true,719
1620386225336,200,OK,true,796
1620386225742,200,OK,true,715
1620386225922,200,OK,true,740
1620386226133,200,OK,true,744
1620386226457,200,OK,true,750
1620386226662,200,OK,true,654
1620386226878,200,OK,true,996
1620386227208,200,OK,true,727
1620386227316,200,OK,true,1073
1620386227874,200,OK,true,757
1620386227935,200,OK,true,778
1620386228389,200,OK,true,752
1620386228714,200,OK,true,635
1620386228635,200,OK,true,778
1620386229141,200,OK,true,703
1620386229413,200,OK,true,707
1620386229350,200,OK,true,788
1620386229844,200,OK,true,745
1620386230120,200,OK,true,714
1620386230589,200,OK,true,746
1620386230140,200,OK,true,1251
1620386230834,200,OK,true,703
1620386231335,200,OK,true,694
1620386231391,200,OK,true,786
1620386231537,200,OK,true,1101
1620386232030,200,OK,true,757
1620386232177,200,OK,true,710
1620386232640,200,OK,true,715
1620386232787,200,OK,true,668
1620386232888,200,OK,true,759
1620386233356,200,OK,true,735
1620386233455,200,OK,true,758
1620386233647,200,OK,true,777
1620386234091,200,OK,true,733
1620386234214,200,OK,true,801
1620386234424,200,OK,true,738
1620386234824,200,OK,true,686
1620386235015,200,OK,true,798
1620386235162,200,OK,true,707
1620386235510,200,OK,true,732
1620386235813,200,OK,true,833
1620386236242,200,OK,true,730
1620386235869,200,OK,true,1334
1620386236646,200,OK,true,771
1620386236973,200,OK,true,722
1620386237203,200,OK,true,1046
1620386237695,200,OK,true,787
1620386237418,200,OK,true,1327
1620386238482,200,OK,true,664
1620386238250,200,OK,true,1109
1620386239146,200,OK,true,753
1620386238745,200,OK,true,1177
1620386239360,200,OK,true,776
1620386239900,200,OK,true,742
1620386239923,200,OK,true,872
1620386240142,200,OK,true,730
1620386240643,200,OK,true,594
1620386240795,200,OK,true,643
1620386240871,200,OK,true,975
1620386241237,200,OK,true,743
1620386241437,200,OK,true,924
1620386241847,200,OK,true,734
1620386241980,200,OK,true,610
1620386242361,200,OK,true,796
1620386242581,200,OK,true,725
1620386242590,200,OK,true,1262
1620386243157,200,OK,true,707
1620386243306,200,OK,true,1079
1620386243864,200,OK,true,726
1620386243852,200,OK,true,864
1620386244590,200,OK,true,652
1620386244385,200,OK,true,1016
1620386244717,200,OK,true,748
1620386245242,200,OK,true,585
1620386245401,200,OK,true,669
1620386245465,200,OK,true,935
1620386246070,200,OK,true,678
1620386245828,200,OK,true,1066
1620386246400,200,OK,true,762
1620386246749,200,OK,true,762
1620386247163,200,OK,true,711
1620386246894,200,OK,true,1197
1620386247511,200,OK,true,673
1620386247874,200,OK,true,721
1620386248092,200,OK,true,1107
1620386248184,200,OK,true,1076
1620386248595,200,OK,true,1259
1620386249199,200,OK,true,764
1620386249261,200,OK,true,735
1620386249854,200,OK,true,748
1620386249963,200,OK,true,749
1620386249997,200,OK,true,1230
1620386250602,200,OK,true,786
1620386250712,200,OK,true,985
1620386251227,200,OK,true,687
1620386251388,200,OK,true,655
1620386251697,200,OK,true,742
1620386252043,200,OK,true,756
1620386251914,200,OK,true,1109
1620386252440,200,OK,true,716
1620386252799,200,OK,true,816
1620386253024,200,OK,true,678
1620386253156,200,OK,true,711
1620386253615,200,OK,true,754
1620386253702,200,OK,true,676
1620386253868,200,OK,true,693
1620386254378,200,OK,true,782
1620386254370,200,OK,true,800
1620386254561,200,OK,true,690
1620386255161,200,OK,true,693
1620386255170,200,OK,true,693
1620386255251,200,OK,true,815
1620386255855,200,OK,true,708
1620386255864,200,OK,true,732
1620386256066,200,OK,true,831
1620386256563,200,OK,true,728
1620386256596,200,OK,true,1256
1620386257292,200,OK,true,706
1620386256897,200,OK,true,1500
1620386257852,200,OK,true,807
1620386257999,200,OK,true,764
1620386258398,200,OK,true,666
1620386258659,200,OK,true,771
1620386259064,200,OK,true,767
1620386258763,200,OK,true,1222
1620386259431,200,OK,true,747
1620386259832,200,OK,true,808
1620386259985,200,OK,true,690
1620386260179,200,OK,true,693
1620386260675,200,OK,true,688
1620386260648,200,OK,true,746
1620386260873,200,OK,true,780
1620386261395,200,OK,true,733
1620386261364,200,OK,true,780
1620386261653,200,OK,true,627
1620386262129,500,Internal Server Error,false,894
1620386262281,500,Internal Server Error,false,743
1620386262148,500,Internal Server Error,false,877
1620386263024,500,Internal Server Error,false,2372
1620386263024,500,Internal Server Error,false,3212
1620386263026,500,Internal Server Error,false,3228
1620386265397,500,Internal Server Error,false,3250
1620386266254,500,Internal Server Error,false,2524
1620386266237,500,Internal Server Error,false,3289
1620386268647,500,Internal Server Error,false,3220
1620386269526,500,Internal Server Error,false,2387
1620386268778,500,Internal Server Error,false,3237
1620386272016,500,Internal Server Error,false,2396
1620386271868,500,Internal Server Error,false,3221
1620386271913,500,Internal Server Error,false,3236
1620386275153,200,OK,true,799
1620386275089,200,OK,true,863
1620386274413,200,OK,true,1786
1620386275951,200,OK,true,776
1620386276199,200,OK,true,771
1620386275951,200,OK,true,1263
1620386276728,200,OK,true,751
1620386276970,200,OK,true,647
1620386277214,200,OK,true,759
1620386277479,200,OK,true,702
1620386277617,200,OK,true,709
1620386277973,200,OK,true,892
1620386278181,200,OK,true,765
1620386278326,200,OK,true,796
1620386278865,200,OK,true,849
1620386278946,200,OK,true,787
1620386279122,200,OK,true,686
1620386279733,200,OK,true,716
1620386279715,200,OK,true,803
1620386279808,200,OK,true,749
1620386280557,200,OK,true,649
1620386280518,200,OK,true,732
1620386280450,200,OK,true,814
1620386281206,200,OK,true,796
1620386281250,200,OK,true,754
1620386281264,200,OK,true,1303
1620386282002,200,OK,true,755
1620386282004,200,OK,true,1134
1620386282567,200,OK,true,749
1620386282757,200,OK,true,840
1620386283139,200,OK,true,1023
1620386283316,200,OK,true,1459
1620386283597,200,OK,true,1698
1620386284775,200,OK,true,648
1620386284162,200,OK,true,1681
1620386285424,200,OK,true,719
1620386285295,200,OK,true,1104
1620386285843,200,OK,true,782
1620386286399,200,OK,true,801
1620386286143,200,OK,true,1182
1620386286625,200,OK,true,1240
1620386287200,200,OK,true,773
1620386287325,200,OK,true,707
1620386288032,200,OK,true,654
1620386287866,200,OK,true,832
1620386287973,200,OK,true,769
1620386288698,200,OK,true,615
1620386288686,200,OK,true,748
1620386288742,200,OK,true,754
1620386289313,200,OK,true,744
1620386289496,200,OK,true,708
1620386289434,200,OK,true,1245
1620386290057,200,OK,true,736
1620386290204,200,OK,true,1056
1620386290680,200,OK,true,746
1620386290793,200,OK,true,736
1620386291261,200,OK,true,761
1620386291427,200,OK,true,756
1620386291530,200,OK,true,674
1620386292023,200,OK,true,741
1620386292183,200,OK,true,703
1620386292204,200,OK,true,713
1620386292764,200,OK,true,791
1620386292886,200,OK,true,738
1620386292917,200,OK,true,777
1620386293556,200,OK,true,731
1620386293624,200,OK,true,761
1620386293695,200,OK,true,744
1620386294287,200,OK,true,786
1620386294385,200,OK,true,797
1620386294439,200,OK,true,1320
1620386295073,200,OK,true,711
1620386295182,200,OK,true,602
1620386295784,200,OK,true,674
1620386295785,200,OK,true,717
1620386295760,200,OK,true,771
1620386296458,200,OK,true,739
1620386296532,200,OK,true,725
1620386296502,200,OK,true,755
1620386297257,200,OK,true,641
1620386297198,200,OK,true,713
1620386297257,200,OK,true,1285
1620386297898,200,OK,true,875
1620386297911,200,OK,true,1208
1620386298773,200,OK,true,813
1620386298543,200,OK,true,1094
1620386299119,200,OK,true,809
1620386299638,200,OK,true,652
1620386299586,200,OK,true,704
1620386299928,200,OK,true,949
1620386300290,200,OK,true,648
1620386300290,200,OK,true,750
1620386300878,200,OK,true,689
1620386300939,200,OK,true,718
1620386301040,200,OK,true,718
1620386301568,200,OK,true,708
1620386301668,200,OK,true,688
1620386301758,200,OK,true,771
1620386302356,200,OK,true,665
1620386302276,200,OK,true,798
1620386302529,200,OK,true,632
1620386303022,200,OK,true,730
1620386303074,200,OK,true,737
1620386303164,200,OK,true,738
1620386303812,200,OK,true,643
1620386303752,200,OK,true,839
1620386303902,200,OK,true,723
1620386304455,200,OK,true,740
1620386304591,200,OK,true,689
1620386304625,200,OK,true,698
1620386305196,200,OK,true,713
1620386305323,200,OK,true,821
1620386305281,200,OK,true,1222
1620386306144,200,OK,true,723
1620386305909,200,OK,true,1267
1620386306504,200,OK,true,697
1620386306867,200,OK,true,752
1620386307201,200,OK,true,712
1620386307177,200,OK,true,811
1620386307620,200,OK,true,899
1620386307914,200,OK,true,683
1620386307988,200,OK,true,1083
1620386308519,200,OK,true,798
1620386308598,200,OK,true,1103
1620386309071,200,OK,true,861
1620386309317,200,OK,true,742
1620386309701,200,OK,true,820
1620386309932,200,OK,true,662
1620386310059,200,OK,true,794
1620386310522,200,OK,true,740
1620386310594,200,OK,true,730
1620386310853,200,OK,true,666
1620386311263,200,OK,true,680
1620386311324,200,OK,true,817
1620386311519,200,OK,true,681
1620386311943,200,OK,true,701
1620386312141,200,OK,true,737
1620386312201,200,OK,true,728
1620386312644,200,OK,true,687
1620386312878,200,OK,true,752
1620386312929,200,OK,true,733
1620386313331,200,OK,true,944
1620386313630,200,OK,true,754
1620386313667,200,OK,true,795
1620386314275,200,OK,true,720
1620386314462,200,OK,true,652
1620386314385,200,OK,true,1131
1620386314995,200,OK,true,737
1620386315114,200,OK,true,697
1620386315516,200,OK,true,824
1620386315732,200,OK,true,755
1620386315811,200,OK,true,680
1620386316339,200,OK,true,721
1620386316491,200,OK,true,654
1620386316486,200,OK,true,731
1620386317060,200,OK,true,703
1620386317217,200,OK,true,601
1620386317145,200,OK,true,711
1620386317819,200,OK,true,709
1620386317763,200,OK,true,779
1620386317856,200,OK,true,799
1620386318529,200,OK,true,747
1620386318542,200,OK,true,742
1620386318655,200,OK,true,633
1620386319288,200,OK,true,648
1620386319277,200,OK,true,710
1620386319284,200,OK,true,706
1620386319937,200,OK,true,643
1620386319987,200,OK,true,758
1620386319990,200,OK,true,837
1620386320581,200,OK,true,585
1620386320827,200,OK,true,695
1620386320745,200,OK,true,993
1620386321522,200,OK,true,772
1620386321170,200,OK,true,1163
1620386321738,200,OK,true,693
1620386322333,200,OK,true,652
1620386322295,200,OK,true,734
1620386322431,200,OK,true,722
1620386323030,200,OK,true,699
1620386322986,200,OK,true,819
1620386323153,200,OK,true,679
1620386323805,200,OK,true,676
1620386323729,200,OK,true,796
1620386323832,200,OK,true,695
1620386324525,200,OK,true,713
1620386324481,200,OK,true,814
1620386324527,200,OK,true,1266
1620386325238,200,OK,true,704
1620386325295,200,OK,true,736
1620386325794,200,OK,true,739
1620386325943,200,OK,true,674
1620386326032,200,OK,true,1165
1620386326535,200,OK,true,809
1620386326617,200,OK,true,1196
1620386327197,200,OK,true,733
1620386327345,200,OK,true,621
1620386327813,200,OK,true,809
1620386327931,200,OK,true,701
1620386327966,200,OK,true,1259
1620386328622,200,OK,true,867
1620386328632,200,OK,true,857
1620386329225,200,OK,true,704
1620386329490,200,OK,true,688
1620386329490,200,OK,true,777
1620386329930,200,OK,true,764
1620386330178,200,OK,true,688
1620386330267,200,OK,true,678
1620386330694,200,OK,true,658
1620386330866,200,OK,true,701
1620386330945,200,OK,true,713
1620386331352,200,OK,true,692
1620386331567,200,OK,true,732
1620386331659,200,OK,true,952
1620386332044,200,OK,true,769
1620386332299,200,OK,true,722
1620386332611,200,OK,true,693
1620386332813,200,OK,true,772
1620386333021,200,OK,true,696
1620386333304,200,OK,true,839
1620386333586,200,OK,true,702
1620386333717,200,OK,true,938
1620386334143,200,OK,true,750
1620386334288,200,OK,true,709
1620386334655,200,OK,true,787
1620386334893,200,OK,true,811
1620386334997,200,OK,true,751
1620386335443,200,OK,true,886
1620386335748,200,OK,true,728
1620386335704,200,OK,true,1215
1620386336329,200,OK,true,716
1620386336477,200,OK,true,1090
1620386336919,200,OK,true,696
1620386337045,200,OK,true,770
1620386337567,200,OK,true,717
1620386337615,200,OK,true,750
1620386337815,200,OK,true,1047
1620386338284,200,OK,true,632
1620386338365,200,OK,true,1062
1620386338863,200,OK,true,743
1620386338916,200,OK,true,707
1620386339427,200,OK,true,744
1620386339623,200,OK,true,746
1620386339607,200,OK,true,783
1620386340172,200,OK,true,776
1620386340369,200,OK,true,750
1620386340391,200,OK,true,761
1620386340949,200,OK,true,621
1620386341153,200,OK,true,780
1620386341120,200,OK,true,1030
1620386341571,200,OK,true,666
1620386341933,200,OK,true,726
1620386342150,200,OK,true,749
1620386342237,200,OK,true,921
1620386342660,200,OK,true,659
1620386342899,200,OK,true,684
1620386343158,200,OK,true,634
1620386343320,200,OK,true,674
1620386343583,200,OK,true,676
1620386343793,200,OK,true,715
1620386344259,200,OK,true,710
1620386343994,200,OK,true,998
1620386344508,200,OK,true,800
1620386344970,200,OK,true,705
1620386344992,200,OK,true,940
1620386345308,200,OK,true,702
1620386345681,200,OK,true,638
1620386345932,200,OK,true,763
1620386346011,200,OK,true,840
1620386346319,200,OK,true,1024
1620386346695,200,OK,true,670
1620386346852,200,OK,true,1006
1620386347365,200,OK,true,677
1620386347344,200,OK,true,770
1620386347859,200,OK,true,754
1620386348115,200,OK,true,587
1620386348043,200,OK,true,1108
1620386348613,200,OK,true,702
1620386348702,200,OK,true,742
1620386349152,200,OK,true,755
1620386349315,200,OK,true,806
1620386349444,200,OK,true,1010
1620386349907,200,OK,true,718
1620386350121,200,OK,true,727
1620386350455,200,OK,true,708
1620386350625,200,OK,true,780
1620386350847,200,OK,true,734
1620386351162,200,OK,true,703
1620386351404,200,OK,true,702
1620386351582,200,OK,true,770
1620386352106,200,OK,true,620
1620386351865,200,OK,true,1038
1620386352352,200,OK,true,1093
1620386352726,200,OK,true,735
1620386352903,200,OK,true,1165
1620386353445,200,OK,true,696
1620386353461,200,OK,true,1088
1620386354068,200,OK,true,739
1620386354141,200,OK,true,756
1620386354549,200,OK,true,774
1620386354807,200,OK,true,756
1620386354897,200,OK,true,734
1620386355323,200,OK,true,673
1620386355563,200,OK,true,701
1620386355631,200,OK,true,730
1620386355996,200,OK,true,775
1620386356264,200,OK,true,776
1620386356361,200,OK,true,694
1620386356772,200,OK,true,842
1620386357041,200,OK,true,740
1620386357055,200,OK,true,745
1620386357614,200,OK,true,782
1620386357781,200,OK,true,747
1620386357800,200,OK,true,746
1620386358397,200,OK,true,794
1620386358546,200,OK,true,653
1620386358528,200,OK,true,689
1620386359191,200,OK,true,688
1620386359217,200,OK,true,672
1620386359199,200,OK,true,721
1620386359879,200,OK,true,743
1620386359889,200,OK,true,793
1620386359920,200,OK,true,791
1620386360623,200,OK,true,781
1620386360711,200,OK,true,786
1620386360687,200,OK,true,1229
1620386361498,200,OK,true,726
1620386361405,200,OK,true,1103
1620386361917,200,OK,true,788
1620386362224,200,OK,true,747
1620386362508,200,OK,true,712
1620386362705,200,OK,true,850
1620386362971,200,OK,true,726
1620386363555,200,OK,true,766
1620386363220,200,OK,true,1161
1620386363697,200,OK,true,762
1620386364382,200,OK,true,643
1620386364321,200,OK,true,778
1620386364459,200,OK,true,1100
1620386365099,200,OK,true,784
1620386365025,200,OK,true,1102
1620386365559,200,OK,true,835
1620386365883,200,OK,true,809
1620386366394,200,OK,true,681
1620386366127,200,OK,true,1032
1620386366692,200,OK,true,741
1620386367075,200,OK,true,749
1620386367434,200,OK,true,797
1620386367160,200,OK,true,1232
1620386367824,200,OK,true,779
1620386368232,200,OK,true,692
1620386368392,200,OK,true,840
1620386368925,200,OK,true,701
1620386368603,200,OK,true,1273
1620386369232,200,OK,true,679
1620386369627,200,OK,true,698
1620386369876,200,OK,true,735
1620386369911,200,OK,true,718
1620386370326,200,OK,true,665
1620386370629,200,OK,true,719
1620386370612,200,OK,true,959
1620386370991,200,OK,true,718
1620386371348,200,OK,true,772
1620386371571,200,OK,true,718
1620386371709,200,OK,true,758
1620386372120,200,OK,true,687
1620386372290,200,OK,true,693
1620386372807,200,OK,true,680
1620386372468,200,OK,true,1060
1620386372983,200,OK,true,672
1620386373487,200,OK,true,687
1620386373528,200,OK,true,791
1620386373655,200,OK,true,738
1620386374174,200,OK,true,771
1620386374393,200,OK,true,782
1620386374320,200,OK,true,1236
1620386374945,200,OK,true,809
1620386375175,200,OK,true,778
1620386375557,200,OK,true,759
1620386375754,200,OK,true,701
1620386375953,200,OK,true,1118
1620386376317,200,OK,true,787
1620386376455,200,OK,true,751
1620386377105,200,OK,true,670
1620386377206,200,OK,true,674
1620386377071,200,OK,true,902
1620386377775,200,OK,true,641
1620386377880,200,OK,true,739
1620386377974,200,OK,true,687
1620386378416,200,OK,true,785
1620386378619,200,OK,true,720
1620386379202,200,OK,true,729
1620386378661,200,OK,true,1302
1620386379339,200,OK,true,653
1620386379932,200,OK,true,666
1620386379963,200,OK,true,721
1620386379992,200,OK,true,738
1620386380598,200,OK,true,723
1620386380684,200,OK,true,713
1620386380730,200,OK,true,760
1620386381396,200,OK,true,714
1620386381321,200,OK,true,851
1620386381489,200,OK,true,1237
1620386382172,200,OK,true,704
1620386382110,200,OK,true,1275
1620386382727,200,OK,true,736
1620386382876,200,OK,true,655
1620386383464,200,OK,true,650
1620386383386,200,OK,true,796
1620386383531,200,OK,true,738
1620386384114,200,OK,true,731
1620386384270,200,OK,true,711
1620386384182,200,OK,true,1236
1620386384845,200,OK,true,799
1620386384981,200,OK,true,1056
1620386385418,200,OK,true,736
1620386385644,200,OK,true,802
1620386386038,200,OK,true,688
1620386386154,200,OK,true,630
1620386386446,200,OK,true,836
1620386386726,200,OK,true,867
1620386386784,200,OK,true,825
1620386387283,200,OK,true,685
1620386387593,200,OK,true,721
1620386387609,200,OK,true,734
1620386387969,200,OK,true,962
1620386388314,200,OK,true,726
1620386388343,200,OK,true,704
1620386389047,200,OK,true,642
1620386389040,200,OK,true,678
1620386388931,200,OK,true,848
1620386389690,200,OK,true,792
1620386389718,200,OK,true,1310
1620386390483,200,OK,true,731
1620386389779,200,OK,true,1824
1620386391028,200,OK,true,765
1620386391214,200,OK,true,739
1620386391604,200,OK,true,702
1620386391793,200,OK,true,752
1620386391953,200,OK,true,747
1620386392306,200,OK,true,693
1620386392546,200,OK,true,790
1620386392700,200,OK,true,767
1620386392999,200,OK,true,767
1620386393467,200,OK,true,651
1620386393336,200,OK,true,1062
1620386393767,200,OK,true,690
1620386394118,200,OK,true,717
1620386394398,200,OK,true,729
1620386394457,200,OK,true,679
1620386394835,200,OK,true,767
1620386395127,200,OK,true,709
1620386395136,200,OK,true,700
1620386395602,200,OK,true,691
1620386395837,200,OK,true,881
1620386395837,200,OK,true,994
1620386396294,200,OK,true,683
1620386396718,200,OK,true,824
1620386396831,200,OK,true,845
1620386396977,200,OK,true,777
1620386397542,200,OK,true,647
1620386397754,200,OK,true,648
1620386397676,200,OK,true,790
1620386398189,200,OK,true,722
1620386398402,200,OK,true,682
1620386398466,200,OK,true,824
1620386398911,200,OK,true,844
1620386399085,200,OK,true,678
1620386399291,200,OK,true,706
1620386399756,200,OK,true,744
1620386399763,200,OK,true,769
1620386399997,200,OK,true,714
1620386400501,200,OK,true,624
1620386400532,200,OK,true,777
1620386400711,200,OK,true,1199
1620386401125,200,OK,true,800
1620386401309,200,OK,true,826
1620386401910,200,OK,true,693
1620386401925,200,OK,true,746
1620386402135,200,OK,true,790
1620386402604,200,OK,true,707
1620386402671,200,OK,true,668
1620386402925,200,OK,true,782
1620386403312,200,OK,true,727
1620386403340,200,OK,true,761
1620386403707,200,OK,true,784
1620386404039,200,OK,true,686
1620386404101,200,OK,true,698
1620386404492,200,OK,true,762
1620386404799,200,OK,true,641
1620386404725,200,OK,true,715
1620386405255,200,OK,true,792
1620386405440,200,OK,true,683
1620386405440,200,OK,true,1318
1620386406047,200,OK,true,719
1620386406124,200,OK,true,836
1620386406759,200,OK,true,696
1620386406767,200,OK,true,690
1620386406960,200,OK,true,1047
1620386407457,200,OK,true,793
1620386407456,200,OK,true,809
1620386408007,200,OK,true,719
1620386408250,200,OK,true,622
1620386408265,200,OK,true,707
1620386408726,200,OK,true,700
1620386408872,200,OK,true,712
1620386408972,200,OK,true,1051
1620386409427,200,OK,true,735
1620386409584,200,OK,true,701
1620386410023,200,OK,true,731
1620386410162,200,OK,true,766
1620386410755,200,OK,true,746
1620386410285,200,OK,true,1224
1620386410927,200,OK,true,625
1620386411503,200,OK,true,705
1620386411552,200,OK,true,694
1620386411509,200,OK,true,769
1620386412208,200,OK,true,702
1620386412246,200,OK,true,670
1620386412278,200,OK,true,738
1620386412916,200,OK,true,677
1620386412911,200,OK,true,810
1620386413016,200,OK,true,782
1620386413593,200,OK,true,732
1620386413721,200,OK,true,604
1620386413798,200,OK,true,1096
1620386414325,200,OK,true,763
1620386414325,200,OK,true,788
1620386414895,200,OK,true,701
1620386415088,200,OK,true,651
1620386415114,200,OK,true,1011
1620386415739,200,OK,true,677
1620386415596,200,OK,true,820
1620386416125,200,OK,true,665
1620386416416,200,OK,true,715
1620386416416,200,OK,true,756
1620386416790,200,OK,true,648
1620386417172,200,OK,true,759
1620386417131,200,OK,true,890
1620386417439,200,OK,true,779
1620386417931,200,OK,true,755
1620386418021,200,OK,true,721
1620386418218,200,OK,true,630
1620386418687,200,OK,true,678
1620386418848,200,OK,true,770
1620386418742,200,OK,true,1239
1620386419365,200,OK,true,747
1620386419618,200,OK,true,731
1620386419982,200,OK,true,734
1620386420349,200,OK,true,780
1620386420112,200,OK,true,1145
1620386420716,200,OK,true,675
1620386421129,200,OK,true,589
1620386421257,200,OK,true,647
1620386421391,200,OK,true,765
1620386421719,200,OK,true,682
1620386421904,200,OK,true,1035
1620386422401,200,OK,true,707
1620386422156,200,OK,true,1274
1620386422939,200,OK,true,795
1620386423108,200,OK,true,892
1620386423430,200,OK,true,718
1620386423735,200,OK,true,682
1620386424000,200,OK,true,761
1620386424148,200,OK,true,756
1620386424418,200,OK,true,753
1620386424761,200,OK,true,625
1620386424905,200,OK,true,810
1620386425171,200,OK,true,745
1620386425387,200,OK,true,706
1620386425716,200,OK,true,745
1620386425917,200,OK,true,730
1620386426462,200,OK,true,686
1620386426095,200,OK,true,1061
1620386426647,200,OK,true,674
1620386427156,200,OK,true,706
1620386427148,200,OK,true,790
1620386427321,200,OK,true,1194
1620386427862,200,OK,true,711
1620386427938,200,OK,true,777
1620386428516,200,OK,true,614
1620386428573,200,OK,true,748
1620386428716,200,OK,true,779
1620386429131,200,OK,true,686
1620386429321,200,OK,true,740
1620386429495,200,OK,true,1214
1620386430062,200,OK,true,822
1620386429818,200,OK,true,1429
1620386430710,200,OK,true,761
1620386430884,200,OK,true,821
1620386431248,200,OK,true,604
1620386431472,200,OK,true,855
1620386431705,200,OK,true,770
1620386431853,200,OK,true,832
1620386432327,200,OK,true,734
1620386432475,200,OK,true,691
1620386432685,200,OK,true,795
1620386433062,200,OK,true,779
1620386433166,200,OK,true,675
1620386433480,200,OK,true,716
1620386433842,200,OK,true,726
1620386433842,200,OK,true,730
1620386434196,200,OK,true,994
1620386434568,200,OK,true,739
1620386434572,200,OK,true,1176
1620386435190,200,OK,true,747
1620386435308,200,OK,true,713
1620386435748,200,OK,true,818
1620386435937,200,OK,true,762
1620386436021,200,OK,true,731
1620386436566,200,OK,true,699
1620386436699,200,OK,true,712
1620386436753,200,OK,true,711
1620386437266,200,OK,true,760
1620386437411,200,OK,true,714
1620386437464,200,OK,true,1190
1620386438027,200,OK,true,766
1620386438126,200,OK,true,1238
1620386438654,200,OK,true,742
1620386438793,200,OK,true,1133
1620386439396,200,OK,true,702
1620386439364,200,OK,true,748
1620386439926,200,OK,true,696
1620386440112,200,OK,true,734
1620386440098,200,OK,true,783
1620386440622,200,OK,true,667
1620386440846,200,OK,true,576
1620386440881,200,OK,true,703
1620386441422,200,OK,true,554
1620386441290,200,OK,true,878
1620386441584,200,OK,true,723
1620386441976,200,OK,true,692
1620386442168,200,OK,true,692
1620386442307,200,OK,true,691
1620386442668,200,OK,true,810
1620386442998,200,OK,true,723
1620386442860,200,OK,true,1129
1620386443479,200,OK,true,743
1620386443724,200,OK,true,723
1620386444222,200,OK,true,724
1620386443990,200,OK,true,1031
1620386444447,200,OK,true,713
1620386445021,200,OK,true,645
1620386444947,200,OK,true,797
1620386445160,200,OK,true,722
1620386445666,200,OK,true,733
1620386445745,200,OK,true,755
1620386445882,200,OK,true,664
1620386446399,200,OK,true,796
1620386446500,200,OK,true,704
1620386446546,200,OK,true,1234
1620386447195,200,OK,true,798
1620386447781,200,OK,true,687
1620386447204,200,OK,true,1343
1620386447993,200,OK,true,761
1620386448468,200,OK,true,768
1620386448754,200,OK,true,746
1620386448548,200,OK,true,1363
1620386449236,200,OK,true,779
1620386449500,200,OK,true,1023
1620386449912,200,OK,true,688
1620386450016,200,OK,true,678
1620386450523,200,OK,true,806
1620386450694,200,OK,true,781
1620386450600,200,OK,true,1268
1620386451329,200,OK,true,674
1620386451475,200,OK,true,1031
1620386451868,200,OK,true,729
1620386452003,200,OK,true,1118
1620386452506,200,OK,true,757
1620386452597,200,OK,true,714
1620386453121,200,OK,true,850
1620386453311,200,OK,true,676
1620386453263,200,OK,true,899
1620386453971,200,OK,true,679
1620386453987,200,OK,true,722
1620386454650,200,OK,true,680
1620386454162,200,OK,true,1214
1620386454709,200,OK,true,787
1620386455330,200,OK,true,717
1620386455377,200,OK,true,731
1620386455496,200,OK,true,1120
1620386456046,200,OK,true,733
1620386456107,200,OK,true,721
1620386456616,200,OK,true,788
1620386456779,200,OK,true,717
1620386456828,200,OK,true,786
1620386457404,200,OK,true,731
1620386457496,200,OK,true,716
1620386457615,200,OK,true,753
1620386458136,200,OK,true,744
1620386458368,200,OK,true,661
1620386458212,200,OK,true,1191
1620386458881,200,OK,true,731
1620386459029,200,OK,true,788
1620386459404,200,OK,true,692
1620386459612,200,OK,true,761
1620386459817,200,OK,true,738
1620386460097,200,OK,true,685
1620386460373,200,OK,true,786
1620386460555,200,OK,true,861
1620386460783,200,OK,true,813
1620386461159,200,OK,true,743
1620386461417,200,OK,true,639
1620386461596,200,OK,true,851
1620386461902,200,OK,true,665
1620386462057,200,OK,true,716
1620386462567,200,OK,true,707
1620386462447,200,OK,true,878
1620386462774,200,OK,true,694
1620386463274,200,OK,true,790
1620386463468,200,OK,true,640
1620386463326,200,OK,true,797
1620386464065,200,OK,true,637
1620386464108,200,OK,true,702
1620386464124,200,OK,true,794
1620386464703,200,OK,true,710
1620386464810,200,OK,true,751
1620386464918,200,OK,true,671
1620386465414,200,OK,true,701
1620386465589,200,OK,true,669
1620386465561,200,OK,true,1115
1620386466115,200,OK,true,709
1620386466258,200,OK,true,754
1620386466676,200,OK,true,715
1620386466824,200,OK,true,780
1620386467012,200,OK,true,765
1620386467391,200,OK,true,893
1620386467604,200,OK,true,759
1620386467778,200,OK,true,685
1620386468363,200,OK,true,645
1620386468284,200,OK,true,824
1620386468463,200,OK,true,1149
1620386469009,200,OK,true,734
1620386469109,200,OK,true,1176
1620386469612,200,OK,true,685
1620386469743,200,OK,true,776
1620386470298,200,OK,true,707
1620386470519,200,OK,true,785
1620386470286,200,OK,true,1294
1620386471007,200,OK,true,672
1620386471305,200,OK,true,893
1620386471679,200,OK,true,774
1620386471581,200,OK,true,1253
1620386472199,200,OK,true,747
1620386472453,200,OK,true,911
1620386472835,200,OK,true,657
1620386472946,200,OK,true,1048
1620386473364,200,OK,true,662
1620386473492,200,OK,true,782
1620386473994,200,OK,true,731
1620386474026,200,OK,true,843
1620386474275,200,OK,true,735
1620386474733,200,OK,true,750
1620386474869,200,OK,true,678
1620386475010,200,OK,true,685
1620386475483,200,OK,true,724
1620386475695,200,OK,true,742
1620386475547,200,OK,true,1140
1620386476207,200,OK,true,786
1620386476437,200,OK,true,816
1620386476687,200,OK,true,689
1620386476994,200,OK,true,777
1620386477253,200,OK,true,771
1620386477376,200,OK,true,752
1620386477772,200,OK,true,736
1620386478024,200,OK,true,756
1620386478508,200,OK,true,711
1620386478128,200,OK,true,1165
1620386478780,200,OK,true,741
1620386479219,200,OK,true,742
1620386479293,200,OK,true,820
1620386479521,200,OK,true,698
1620386479962,200,OK,true,732
1620386480113,200,OK,true,787
1620386480220,200,OK,true,755
1620386480695,200,OK,true,738
1620386480975,200,OK,true,666
1620386480900,200,OK,true,749
1620386481433,200,OK,true,708
1620386481649,200,OK,true,757
1620386481641,200,OK,true,1047
1620386482141,200,OK,true,773
1620386482406,200,OK,true,676
1620386482688,200,OK,true,751
1620386482914,200,OK,true,695
1620386483083,200,OK,true,778
1620386483440,200,OK,true,706
1620386483609,200,OK,true,768
1620386483861,200,OK,true,657
1620386484146,200,OK,true,883
1620386484377,200,OK,true,774
1620386484518,200,OK,true,774
1620386485030,200,OK,true,745
1620386485151,200,OK,true,721
1620386485292,200,OK,true,723
1620386485775,200,OK,true,720
1620386486015,200,OK,true,781
1620386485872,200,OK,true,1182
1620386486496,200,OK,true,648
1620386486796,200,OK,true,749
1620386487054,200,OK,true,795
1620386487144,200,OK,true,765
1620386487545,200,OK,true,728
1620386487849,200,OK,true,685
1620386487909,200,OK,true,707
1620386488273,200,OK,true,810
1620386488534,200,OK,true,763
1620386488616,200,OK,true,763
1620386489084,200,OK,true,916
1620386489297,200,OK,true,735
1620386489379,200,OK,true,788
1620386490000,200,OK,true,770
1620386490032,200,OK,true,747
1620386490167,200,OK,true,1213
1620386490770,200,OK,true,735
1620386490779,200,OK,true,736
1620386491379,200,OK,true,617
1620386491504,200,OK,true,708
1620386491515,200,OK,true,745
1620386491997,200,OK,true,753
1620386492213,200,OK,true,613
1620386492260,200,OK,true,756
1620386492750,200,OK,true,704
1620386492826,200,OK,true,693
1620386493016,200,OK,true,686
1620386493455,200,OK,true,818
1620386493702,200,OK,true,718
1620386493519,200,OK,true,1315
1620386494274,200,OK,true,707
1620386494420,200,OK,true,1096
1620386494834,200,OK,true,692
1620386494981,200,OK,true,710
1620386495526,200,OK,true,729
1620386495516,200,OK,true,756
1620386495691,200,OK,true,1046
1620386496272,200,OK,true,698
1620386496255,200,OK,true,792
1620386496740,200,OK,true,747
1620386496971,200,OK,true,820
1620386497487,200,OK,true,710
1620386497047,200,OK,true,1246
1620386497791,200,OK,true,681
1620386498294,200,OK,true,706
1620386498198,200,OK,true,812
1620386498472,200,OK,true,1098
1620386499001,200,OK,true,712
1620386499010,200,OK,true,792
1620386499571,200,OK,true,730
1620386499713,200,OK,true,721
1620386499803,200,OK,true,1169
1620386500435,200,OK,true,713
1620386500302,200,OK,true,1175
1620386500973,200,OK,true,694
1620386501149,200,OK,true,766
1620386501478,200,OK,true,687
1620386501668,200,OK,true,719
1620386501915,200,OK,true,800
1620386502166,200,OK,true,774
1620386502387,200,OK,true,697
1620386502715,200,OK,true,771
1620386503085,200,OK,true,763
1620386502940,200,OK,true,1156
1620386503486,200,OK,true,729
1620386503849,200,OK,true,641
1620386504103,200,OK,true,656
1620386504216,200,OK,true,698
1620386504490,200,OK,true,816
1620386504759,200,OK,true,727
1620386504915,200,OK,true,703
1620386505486,200,OK,true,749
1620386505306,200,OK,true,966
1620386505619,200,OK,true,784
1620386506235,200,OK,true,693
1620386506403,200,OK,true,716
1620386506272,200,OK,true,1239
1620386507119,200,OK,true,753
1620386506929,200,OK,true,1125
1620386507511,200,OK,true,755
1620386507873,200,OK,true,710
1620386508054,200,OK,true,790
1620386508583,200,OK,true,656
1620386508267,200,OK,true,1223
1620386508844,200,OK,true,716
1620386509560,200,OK,true,613
1620386509245,200,OK,true,965
1620386509490,200,OK,true,797
1620386510173,200,OK,true,729
1620386510287,200,OK,true,795
1620386510210,200,OK,true,1219
1620386510902,200,OK,true,763
1620386511082,200,OK,true,861
1620386511430,200,OK,true,829
1620386511665,200,OK,true,670
1620386511943,200,OK,true,694
1620386512259,200,OK,true,652
1620386512335,200,OK,true,742
1620386512638,200,OK,true,991
1620386512912,200,OK,true,737
1620386513078,200,OK,true,1094
1620386513630,200,OK,true,768
1620386513649,200,OK,true,821
1620386514172,200,OK,true,759
1620386514470,200,OK,true,709
1620386514398,200,OK,true,785
1620386514931,200,OK,true,657
1620386515179,200,OK,true,691
1620386515183,200,OK,true,745
1620386515589,200,OK,true,727
1620386515870,200,OK,true,679
1620386515928,200,OK,true,751
1620386516316,200,OK,true,775
1620386516550,200,OK,true,786
1620386516680,200,OK,true,743
1620386517091,200,OK,true,708
1620386517423,200,OK,true,794
1620386517336,200,OK,true,1032
1620386517799,200,OK,true,966
1620386518217,200,OK,true,680
1620386518368,200,OK,true,848
1620386518765,200,OK,true,661
1620386518897,200,OK,true,736
1620386519216,200,OK,true,722
1620386519426,200,OK,true,595
1620386519633,200,OK,true,950
1620386519938,200,OK,true,726
1620386520021,200,OK,true,747
1620386520583,200,OK,true,780
1620386520665,200,OK,true,784
1620386520768,200,OK,true,731
1620386521363,200,OK,true,674
1620386521449,200,OK,true,649
1620386521499,200,OK,true,843
1620386522098,Non HTTP response code: java.net.SocketException,Non HTTP response message: Socket closed,false,0
1620386522342,Non HTTP response code: java.net.SocketException,Non HTTP response message: Socket closed,false,0
1620386522037,Non HTTP response code: java.net.SocketException,Non HTTP response message: Socket closed,false,0
