1619183985092,200,OK,true,234
1619183985292,200,OK,true,238
1619183985327,400,Bad Request,false,209
1619183985536,400,Bad Request,false,202
1619183985493,200,OK,true,245
1619183985531,200,OK,true,208
1619183985692,200,OK,true,237
1619183985738,200,OK,true,208
1619183985738,500,Internal Server Error,false,208
1619183985739,400,Bad Request,false,209
1619183985892,200,OK,true,241
1619183985929,400,Bad Request,false,209
1619183985946,200,OK,true,211
1619183985946,500,Internal Server Error,false,211
1619183985948,200,OK,true,209
1619183986133,200,OK,true,206
1619183986138,500,Internal Server Error,false,201
1619183986157,200,OK,true,202
1619183986157,500,Internal Server Error,false,203
1619183986157,500,Internal Server Error,false,209
1619183986339,400,Bad Request,false,210
1619183986339,200,OK,true,211
1619183986359,200,OK,true,206
1619183986360,200,OK,true,206
1619183986366,500,Internal Server Error,false,207
1619183986550,200,OK,true,205
1619183986550,200,OK,true,205
1619183986565,400,Bad Request,false,205
1619183986566,400,Bad Request,false,209
1619183986573,500,Internal Server Error,false,252
1619183986756,400,Bad Request,false,206
1619183986776,200,OK,true,207
1619183986770,200,OK,true,214
1619183986755,200,OK,true,260
1619183986826,200,OK,true,204
1619183986962,200,OK,true,200
1619183986984,500,Internal Server Error,false,200
1619183986983,500,Internal Server Error,false,201
1619183987015,200,OK,true,220
1619183987030,200,OK,true,209
1619183987162,200,OK,true,201
1619183987184,200,OK,true,203
1619183987184,500,Internal Server Error,false,232
1619183987235,200,OK,true,204
1619183987240,200,OK,true,211
1619183987363,500,Internal Server Error,false,204
1619183987387,200,OK,true,205
1619183987416,200,OK,true,208
1619183987440,200,OK,true,206
1619183987451,400,Bad Request,false,204
1619183987568,200,OK,true,217
1619183987593,400,Bad Request,false,202
1619183987624,200,OK,true,208
1619183987647,500,Internal Server Error,false,211
1619183987655,200,OK,true,227
1619183987785,500,Internal Server Error,false,199
1619183987796,200,OK,true,204
1619183987832,200,OK,true,205
1619183987858,400,Bad Request,false,207
1619183987882,400,Bad Request,false,206
1619183987984,200,OK,true,207
1619183988000,500,Internal Server Error,false,209
1619183988038,200,OK,true,204
1619183988065,200,OK,true,210
1619183988088,400,Bad Request,false,206
1619183988191,200,OK,true,205
1619183988209,500,Internal Server Error,false,238
1619183988275,500,Internal Server Error,false,199
1619183988242,500,Internal Server Error,false,255
1619183988294,200,OK,true,209
1619183988396,200,OK,true,203
1619183988447,500,Internal Server Error,false,223
1619183988474,200,OK,true,200
1619183988497,200,OK,true,207
1619183988503,200,OK,true,250
1619183988599,500,Internal Server Error,false,203
1619183988671,200,OK,true,200
1619183988704,200,OK,true,208
1619183988674,400,Bad Request,false,252
1619183988753,200,OK,true,219
1619183988802,400,Bad Request,false,205
1619183988871,200,OK,true,213
1619183988912,200,OK,true,203
1619183988927,400,Bad Request,false,207
1619183988973,200,OK,true,208
1619183989007,200,OK,true,225
1619183989084,200,OK,true,207
1619183989116,500,Internal Server Error,false,206
1619183989135,400,Bad Request,false,203
1619183989181,200,OK,true,210
1619183989232,200,OK,true,212
1619183989291,200,OK,true,220
1619183989322,200,OK,true,211
1619183989339,200,OK,true,206
1619183989391,400,Bad Request,false,206
1619183989444,400,Bad Request,false,220
1619183989512,400,Bad Request,false,210
1619183989545,200,OK,true,206
1619183989533,400,Bad Request,false,236
1619183989597,200,OK,true,213
1619183989664,200,OK,true,218
1619183989722,200,OK,true,200
1619183989752,200,OK,true,205
1619183989770,200,OK,true,237
1619183989810,500,Internal Server Error,false,202
1619183989883,400,Bad Request,false,207
1619183989922,400,Bad Request,false,202
1619183989957,400,Bad Request,false,232
1619183990008,500,Internal Server Error,false,200
1619183990012,500,Internal Server Error,false,200
1619183990091,400,Bad Request,false,205
1619183990124,500,Internal Server Error,false,206
1619183990189,200,OK,true,203
1619183990208,500,Internal Server Error,false,204
1619183990212,200,OK,true,230
1619183990296,400,Bad Request,false,210
1619183990330,400,Bad Request,false,204
1619183990392,200,OK,true,209
1619183990412,200,OK,true,206
1619183990443,500,Internal Server Error,false,204
1619183990506,500,Internal Server Error,false,203
1619183990534,200,OK,true,224
1619183990602,200,OK,true,204
1619183990647,200,OK,true,203
1619183990618,500,Internal Server Error,false,240
1619183990709,400,Bad Request,false,206
1619183990758,400,Bad Request,false,203
1619183990806,200,OK,true,202
1619183990858,200,OK,true,199
1619183990851,200,OK,true,257
1619183990915,400,Bad Request,false,243
1619183990962,200,OK,true,203
1619183991008,500,Internal Server Error,false,202
1619183991057,400,Bad Request,false,206
1619183991108,200,OK,true,211
1619183991165,400,Bad Request,false,213
1619183991158,200,OK,true,221
1619183991210,500,Internal Server Error,false,220
1619183991263,500,Internal Server Error,false,206
1619183991319,200,OK,true,206
1619183991378,400,Bad Request,false,206
1619183991379,200,OK,true,212
1619183991430,400,Bad Request,false,206
1619183991469,200,OK,true,212
1619183991525,500,Internal Server Error,false,209
1619183991585,500,Internal Server Error,false,210
1619183991591,500,Internal Server Error,false,204
1619183991636,200,OK,true,201
1619183991681,500,Internal Server Error,false,205
1619183991734,500,Internal Server Error,false,209
1619183991795,500,Internal Server Error,false,208
1619183991837,200,OK,true,205
1619183991795,200,OK,true,256
1619183991886,200,OK,true,209
1619183991943,200,OK,true,202
1619183992003,400,Bad Request,false,205
1619183992043,200,OK,true,202
1619183992052,200,OK,true,244
1619183992095,200,OK,true,205
1619183992146,400,Bad Request,false,202
1619183992208,200,OK,true,204
1619183992245,200,OK,true,205
1619183992296,200,OK,true,204
1619183992301,500,Internal Server Error,false,208
1619183992348,200,OK,true,204
1619183992413,200,OK,true,209
1619183992451,500,Internal Server Error,false,203
1619183992500,500,Internal Server Error,false,207
1619183992509,200,OK,true,203
1619183992552,500,Internal Server Error,false,205
1619183992622,200,OK,true,201
1619183992655,200,OK,true,206
1619183992707,200,OK,true,204
1619183992712,400,Bad Request,false,206
1619183992757,200,OK,true,205
1619183992823,400,Bad Request,false,203
1619183992861,400,Bad Request,false,203
1619183992911,500,Internal Server Error,false,206
1619183992918,400,Bad Request,false,199
1619183992962,200,OK,true,202
1619183993026,200,OK,true,202
1619183993065,200,OK,true,204
1619183993120,500,Internal Server Error,false,200
1619183993120,200,OK,true,202
1619183993164,400,Bad Request,false,204
1619183993228,200,OK,true,207
1619183993269,200,OK,true,213
1619183993321,200,OK,true,203
1619183993322,200,OK,true,202
1619183993368,400,Bad Request,false,205
1619183993435,200,OK,true,204
1619183993483,200,OK,true,208
1619183993525,200,OK,true,205
1619183993525,200,OK,true,208
1619183993573,200,OK,true,208
1619183993640,200,OK,true,203
1619183993691,200,OK,true,202
1619183993733,500,Internal Server Error,false,200
1619183993730,400,Bad Request,false,207
1619183993781,200,OK,true,205
1619183993843,200,OK,true,209
1619183993894,200,OK,true,199
1619183993933,400,Bad Request,false,208
1619183993937,400,Bad Request,false,204
1619183993986,200,OK,true,205
1619183994052,400,Bad Request,false,202
1619183994093,200,OK,true,201
1619183994141,200,OK,true,202
1619183994141,200,OK,true,217
1619183994191,500,Internal Server Error,false,205
1619183994255,500,Internal Server Error,false,201
1619183994294,200,OK,true,207
1619183994343,400,Bad Request,false,219
1619183994358,200,OK,true,212
1619183994396,200,OK,true,205
1619183994457,200,OK,true,206
1619183994502,400,Bad Request,false,205
1619183994562,400,Bad Request,false,203
1619183994571,200,OK,true,207
1619183994601,200,OK,true,204
1619183994663,200,OK,true,208
1619183994707,200,OK,true,201
1619183994766,200,OK,true,205
1619183994778,200,OK,true,245
1619183994806,500,Internal Server Error,false,265
1619183994872,200,OK,true,200
1619183994909,200,OK,true,207
1619183994971,200,OK,true,202
1619183995024,400,Bad Request,false,202
1619183995072,400,Bad Request,false,201
1619183995072,200,OK,true,202
1619183995116,200,OK,true,212
1619183995173,200,OK,true,206
1619183995226,200,OK,true,206
1619183995273,200,OK,true,209
1619183995275,500,Internal Server Error,false,207
1619183995328,400,Bad Request,false,206
1619183995379,200,OK,true,208
1619183995432,200,OK,true,204
1619183995482,400,Bad Request,false,204
1619183995482,200,OK,true,206
1619183995534,500,Internal Server Error,false,200
1619183995587,400,Bad Request,false,206
1619183995636,500,Internal Server Error,false,201
1619183995687,200,OK,true,203
1619183995734,200,OK,true,201
1619183995688,200,OK,true,254
1619183995793,200,OK,true,204
1619183995838,200,OK,true,211
1619183995891,400,Bad Request,false,203
1619183995935,400,Bad Request,false,201
1619183995942,400,Bad Request,false,202
1619183995997,500,Internal Server Error,false,208
1619183996049,200,OK,true,202
1619183996095,400,Bad Request,false,202
1619183996136,500,Internal Server Error,false,205
1619183996144,400,Bad Request,false,247
1619183996205,200,OK,true,202
1619183996251,200,OK,true,204
1619183996297,200,OK,true,204
1619183996341,500,Internal Server Error,false,205
1619183996391,200,OK,true,202
1619183996407,200,OK,true,238
1619183996455,200,OK,true,205
1619183996501,200,OK,true,209
1619183996546,500,Internal Server Error,false,210
1619183996593,200,OK,true,213
1619183996645,200,OK,true,208
1619183996660,500,Internal Server Error,false,206
1619183996710,400,Bad Request,false,203
1619183996756,400,Bad Request,false,205
1619183996806,200,OK,true,203
1619183996853,200,OK,true,206
1619183996866,200,OK,true,207
1619183996913,500,Internal Server Error,false,200
1619183996962,200,OK,true,206
1619183997009,200,OK,true,203
1619183997059,400,Bad Request,false,204
1619183997074,200,OK,true,206
1619183997113,200,OK,true,220
1619183997168,400,Bad Request,false,205
1619183997212,400,Bad Request,false,204
1619183997263,200,OK,true,201
1619183997281,500,Internal Server Error,false,203
1619183997333,400,Bad Request,false,200
1619183997373,200,OK,true,205
1619183997416,500,Internal Server Error,false,206
1619183997464,200,OK,true,217
1619183997484,200,OK,true,199
1619183997534,200,OK,true,201
1619183997579,200,OK,true,200
1619183997622,500,Internal Server Error,false,213
1619183997681,200,OK,true,202
1619183997683,200,OK,true,205
1619183997735,200,OK,true,205
1619183997779,200,OK,true,210
1619183997835,200,OK,true,205
1619183997883,200,OK,true,204
1619183997888,500,Internal Server Error,false,205
1619183997940,500,Internal Server Error,false,204
1619183997989,200,OK,true,203
1619183998041,200,OK,true,205
1619183998087,500,Internal Server Error,false,210
1619183998145,200,OK,true,198
1619183998093,200,OK,true,256
1619183998192,200,OK,true,206
1619183998246,500,Internal Server Error,false,208
1619183998297,200,OK,true,208
1619183998343,200,OK,true,201
1619183998349,200,OK,true,205
1619183998398,500,Internal Server Error,false,208
1619183998454,400,Bad Request,false,205
1619183998505,200,OK,true,206
1619183998544,500,Internal Server Error,false,210
1619183998554,400,Bad Request,false,208
1619183998606,400,Bad Request,false,206
1619183998660,200,OK,true,206
1619183998711,200,OK,true,206
1619183998754,500,Internal Server Error,false,201
1619183998762,200,OK,true,206
1619183998812,500,Internal Server Error,false,204
1619183998866,500,Internal Server Error,false,201
1619183998918,500,Internal Server Error,false,206
1619183998955,200,OK,true,200
1619183998969,500,Internal Server Error,false,204
1619183999016,200,OK,true,201
1619183999067,200,OK,true,212
1619183999124,500,Internal Server Error,false,208
1619183999156,200,OK,true,199
1619183999174,400,Bad Request,false,202
1619183999217,400,Bad Request,false,215
1619183999279,200,OK,true,204
1619183999332,400,Bad Request,false,215
1619183999355,500,Internal Server Error,false,203
1619183999376,200,OK,true,207
1619183999433,200,OK,true,201
1619183999483,200,OK,true,228
1619183999558,500,Internal Server Error,false,210
1619183999547,200,OK,true,226
1619183999584,200,OK,true,203
1619183999634,400,Bad Request,false,205
1619183999711,200,OK,true,204
1619183999768,500,Internal Server Error,false,207
1619183999788,200,OK,true,205
1619183999839,200,OK,true,200
1619183999915,200,OK,true,207
1619183999975,200,OK,true,210
1619183999773,200,OK,true,425
1619183999993,500,Internal Server Error,false,207
1619184000040,200,OK,true,209
1619184000125,200,OK,true,202
1619184000185,200,OK,true,204
1619184000200,200,OK,true,202
1619184000198,200,OK,true,242
1619184000250,200,OK,true,206
1619184000327,400,Bad Request,false,202
1619184000389,200,OK,true,205
1619184000402,500,Internal Server Error,false,206
1619184000440,400,Bad Request,false,206
1619184000456,200,OK,true,204
1619184000529,500,Internal Server Error,false,200
1619184000594,400,Bad Request,false,204
1619184000608,200,OK,true,208
1619184000646,200,OK,true,204
1619184000661,400,Bad Request,false,202
1619184000729,500,Internal Server Error,false,204
1619184000798,200,OK,true,204
1619184000816,500,Internal Server Error,false,206
1619184000850,200,OK,true,209
1619184000863,500,Internal Server Error,false,210
1619184000933,200,OK,true,200
1619184001002,400,Bad Request,false,206
1619184001023,200,OK,true,203
1619184001059,200,OK,true,225
1619184001073,400,Bad Request,false,261
1619184001134,500,Internal Server Error,false,253
1619184001208,200,OK,true,205
1619184001226,200,OK,true,212
1619184001284,400,Bad Request,false,207
1619184001335,400,Bad Request,false,212
1619184001387,200,OK,true,208
1619184001414,200,OK,true,200
1619184001438,200,OK,true,212
1619184001491,200,OK,true,215
1619184001547,200,OK,true,207
1619184001595,200,OK,true,202
1619184001615,200,OK,true,209
1619184001650,400,Bad Request,false,217
1619184001706,200,OK,true,211
1619184001754,400,Bad Request,false,204
1619184001797,500,Internal Server Error,false,206
1619184001824,200,OK,true,207
1619184001868,200,OK,true,213
1619184001917,200,OK,true,211
1619184001958,500,Internal Server Error,false,216
1619184002004,200,OK,true,206
1619184002031,200,OK,true,200
1619184002081,200,OK,true,210
1619184002128,200,OK,true,209
1619184002175,500,Internal Server Error,false,204
1619184002211,200,OK,true,209
1619184002231,200,OK,true,218
1619184002291,500,Internal Server Error,false,261
1619184002337,500,Internal Server Error,false,216
1619184002379,200,OK,true,219
1619184002420,400,Bad Request,false,229
1619184002449,200,OK,true,204
1619184002553,200,OK,true,203
1619184002553,500,Internal Server Error,false,203
1619184002599,400,Bad Request,false,206
1619184002649,200,OK,true,201
1619184002653,500,Internal Server Error,false,217
1619184002757,500,Internal Server Error,false,202
1619184002757,400,Bad Request,false,202
1619184002805,200,OK,true,205
1619184002850,200,OK,true,209
1619184002870,200,OK,true,204
1619184002959,400,Bad Request,false,207
1619184002959,400,Bad Request,false,218
1619184003010,500,Internal Server Error,false,209
1619184003059,400,Bad Request,false,208
1619184003074,200,OK,true,207
1619184003166,200,OK,true,203
1619184003177,400,Bad Request,false,205
1619184003219,200,OK,true,203
1619184003267,200,OK,true,208
1619184003281,400,Bad Request,false,208
1619184003369,200,OK,true,208
1619184003383,200,OK,true,210
1619184003422,200,OK,true,205
1619184003475,400,Bad Request,false,203
1619184003489,200,OK,true,204
1619184003577,500,Internal Server Error,false,208
1619184003627,200,OK,true,206
1619184003593,400,Bad Request,false,243
1619184003679,500,Internal Server Error,false,203
1619184003693,400,Bad Request,false,239
1619184003785,500,Internal Server Error,false,205
1619184003833,400,Bad Request,false,206
1619184003882,500,Internal Server Error,false,201
1619184003836,200,OK,true,253
1619184003933,200,OK,true,202
1619184003991,200,OK,true,208
1619184004039,200,OK,true,202
1619184004084,200,OK,true,201
1619184004089,400,Bad Request,false,203
1619184004135,200,OK,true,202
1619184004199,500,Internal Server Error,false,205
1619184004241,200,OK,true,211
1619184004286,200,OK,true,203
1619184004292,500,Internal Server Error,false,202
1619184004337,400,Bad Request,false,208
1619184004404,400,Bad Request,false,202
1619184004453,200,OK,true,205
1619184004489,200,OK,true,201
1619184004495,400,Bad Request,false,246
1619184004545,500,Internal Server Error,false,200
1619184004606,200,OK,true,209
1619184004658,200,OK,true,203
1619184004690,200,OK,true,203
1619184004745,400,Bad Request,false,201
1619184004741,200,OK,true,207
1619184004815,200,OK,true,203
1619184004861,200,OK,true,206
1619184004893,200,OK,true,228
1619184004948,200,OK,true,219
1619184004946,200,OK,true,221
1619184005019,200,OK,true,206
1619184005068,200,OK,true,254
1619184005130,200,OK,true,234
1619184005168,200,OK,true,252
1619184005168,400,Bad Request,false,259
1619184005225,200,OK,true,204
1619184005364,200,OK,true,201
1619184005420,200,OK,true,206
1619184005427,400,Bad Request,false,204
1619184005429,400,Bad Request,false,249
1619184005322,200,OK,true,440
1619184005566,200,OK,true,204
1619184005631,200,OK,true,201
1619184005629,200,OK,true,203
1619184005678,500,Internal Server Error,false,209
1619184005763,200,OK,true,204
1619184005770,200,OK,true,208
1619184005832,500,Internal Server Error,false,203
1619184005832,200,OK,true,221
1619184005887,400,Bad Request,false,206
1619184005967,200,OK,true,205
1619184005979,200,OK,true,213
1619184006035,200,OK,true,206
1619184006053,200,OK,true,203
1619184006094,400,Bad Request,false,200
1619184006172,200,OK,true,202
1619184006193,200,OK,true,204
1619184006241,500,Internal Server Error,false,207
1619184006256,500,Internal Server Error,false,207
1619184006294,400,Bad Request,false,205
1619184006374,200,OK,true,209
1619184006397,500,Internal Server Error,false,208
1619184006448,200,OK,true,207
1619184006463,500,Internal Server Error,false,203
1619184006499,400,Bad Request,false,217
1619184006583,200,OK,true,203
1619184006605,400,Bad Request,false,201
1619184006667,200,OK,true,205
1619184006655,200,OK,true,217
1619184006716,400,Bad Request,false,204
1619184006786,200,OK,true,206
1619184006806,400,Bad Request,false,237
1619184006872,500,Internal Server Error,false,208
1619184006872,500,Internal Server Error,false,209
1619184006920,200,OK,true,203
1619184006992,200,OK,true,204
1619184007043,200,OK,true,208
1619184007080,200,OK,true,202
1619184007081,200,OK,true,203
1619184007131,400,Bad Request,false,205
1619184007196,400,Bad Request,false,216
1619184007251,200,OK,true,212
1619184007282,500,Internal Server Error,false,203
1619184007285,200,OK,true,250
1619184007336,200,OK,true,252
1619184007412,200,OK,true,224
1619184007463,200,OK,true,202
1619184007486,200,OK,true,201
1619184007535,400,Bad Request,false,211
1619184007588,200,OK,true,202
1619184007636,400,Bad Request,false,212
1619184007665,200,OK,true,207
1619184007687,200,OK,true,208
1619184007746,200,OK,true,206
1619184007790,200,OK,true,226
1619184007849,200,OK,true,205
1619184007872,200,OK,true,206
1619184007895,200,OK,true,207
1619184007952,200,OK,true,202
1619184008016,400,Bad Request,false,204
1619184008054,500,Internal Server Error,false,204
1619184008102,400,Bad Request,false,204
1619184008078,500,Internal Server Error,false,232
1619184008155,500,Internal Server Error,false,204
1619184008221,200,OK,true,221
1619184008258,200,OK,true,220
1619184008306,200,OK,true,206
1619184008310,200,OK,true,207
1619184008359,200,OK,true,205
1619184008442,200,OK,true,206
1619184008478,200,OK,true,200
1619184008512,200,OK,true,202
1619184008517,200,OK,true,203
1619184008564,200,OK,true,206
1619184008648,200,OK,true,203
1619184008678,500,Internal Server Error,false,201
1619184008720,200,OK,true,202
1619184008715,200,OK,true,214
1619184008770,200,OK,true,204
1619184008851,200,OK,true,206
1619184008879,500,Internal Server Error,false,207
1619184008922,200,OK,true,201
1619184008930,400,Bad Request,false,212
1619184008974,200,OK,true,205
1619184009058,200,OK,true,205
1619184009086,500,Internal Server Error,false,204
1619184009130,200,OK,true,203
1619184009179,500,Internal Server Error,false,201
1619184009142,400,Bad Request,false,242
1619184009263,200,OK,true,202
1619184009290,500,Internal Server Error,false,211
1619184009333,500,Internal Server Error,false,206
1619184009384,500,Internal Server Error,false,205
1619184009381,500,Internal Server Error,false,209
1619184009465,200,OK,true,209
1619184009501,200,OK,true,209
1619184009539,200,OK,true,220
1619184009590,200,OK,true,203
1619184009590,400,Bad Request,false,254
1619184009674,200,OK,true,202
1619184009711,200,OK,true,202
1619184009759,400,Bad Request,false,205
1619184009793,200,OK,true,221
1619184009844,200,OK,true,201
1619184009876,200,OK,true,201
1619184009913,500,Internal Server Error,false,202
1619184009964,500,Internal Server Error,false,202
1619184010014,200,OK,true,206
1619184010045,400,Bad Request,false,206
1619184010077,200,OK,true,207
1619184010115,400,Bad Request,false,204
1619184010166,200,OK,true,207
1619184010220,400,Bad Request,false,201
1619184010251,200,OK,true,205
1619184010285,400,Bad Request,false,207
1619184010320,400,Bad Request,false,199
1619184010374,500,Internal Server Error,false,203
1619184010421,200,OK,true,206
1619184010456,200,OK,true,222
1619184010492,200,OK,true,201
1619184010519,500,Internal Server Error,false,205
1619184010577,500,Internal Server Error,false,206
1619184010631,400,Bad Request,false,202
1619184010678,200,OK,true,208
1619184010694,400,Bad Request,false,205
1619184010724,400,Bad Request,false,203
1619184010783,400,Bad Request,false,210
1619184010834,200,OK,true,199
1619184010886,500,Internal Server Error,false,203
1619184010899,200,OK,true,208
1619184010927,500,Internal Server Error,false,205
1619184010993,500,Internal Server Error,false,207
1619184011033,200,OK,true,222
1619184011089,500,Internal Server Error,false,205
1619184011107,500,Internal Server Error,false,206
1619184011132,200,OK,true,205
1619184011200,200,OK,true,217
1619184011255,200,OK,true,209
1619184011294,200,OK,true,205
1619184011313,400,Bad Request,false,204
1619184011337,500,Internal Server Error,false,202
1619184011417,200,OK,true,208
1619184011465,200,OK,true,210
1619184011499,400,Bad Request,false,225
1619184011517,200,OK,true,208
1619184011539,200,OK,true,247
1619184011632,200,OK,true,207
1619184011675,200,OK,true,215
1619184011725,200,OK,true,225
1619184011786,200,OK,true,209
1619184011725,400,Bad Request,false,274
1619184011839,400,Bad Request,false,208
1619184011891,200,OK,true,213
1619184011950,200,OK,true,209
1619184011995,500,Internal Server Error,false,208
1619184012000,400,Bad Request,false,205
1619184012047,500,Internal Server Error,false,206
1619184012104,200,OK,true,213
1619184012159,200,OK,true,202
1619184012204,500,Internal Server Error,false,204
1619184012205,200,OK,true,207
1619184012254,200,OK,true,218
1619184012318,200,OK,true,206
1619184012361,400,Bad Request,false,214
1619184012408,200,OK,true,206
1619184012412,400,Bad Request,false,215
1619184012472,200,OK,true,208
1619184012524,400,Bad Request,false,209
1619184012575,400,Bad Request,false,211
1619184012615,200,OK,true,205
1619184012632,400,Bad Request,false,206
1619184012680,400,Bad Request,false,208
1619184012734,200,OK,true,209
1619184012786,200,OK,true,205
1619184012820,400,Bad Request,false,203
1619184012839,400,Bad Request,false,204
1619184012888,500,Internal Server Error,false,223
1619184012943,500,Internal Server Error,false,208
1619184012992,200,OK,true,202
1619184013023,200,OK,true,206
1619184013043,500,Internal Server Error,false,202
1619184013112,200,OK,true,212
1619184013151,500,Internal Server Error,false,206
1619184013194,200,OK,true,209
1619184013229,400,Bad Request,false,203
1619184013245,200,OK,true,205
1619184013324,400,Bad Request,false,202
1619184013357,400,Bad Request,false,206
1619184013403,200,OK,true,200
1619184013433,200,OK,true,207
1619184013450,200,OK,true,240
1619184013527,400,Bad Request,false,207
1619184013563,500,Internal Server Error,false,200
1619184013603,200,OK,true,204
1619184013640,200,OK,true,215
1619184013691,200,OK,true,201
1619184013734,200,OK,true,204
1619184013763,500,Internal Server Error,false,200
1619184013807,500,Internal Server Error,false,203
1619184013855,500,Internal Server Error,false,202
1619184013892,500,Internal Server Error,false,202
1619184013938,500,Internal Server Error,false,201
1619184013964,400,Bad Request,false,199
1619184014011,200,OK,true,206
1619184014057,500,Internal Server Error,false,201
1619184014094,500,Internal Server Error,false,205
1619184014139,500,Internal Server Error,false,205
1619184014163,200,OK,true,207
1619184014217,200,OK,true,202
1619184014258,200,OK,true,208
1619184014299,200,OK,true,208
1619184014345,200,OK,true,206
1619184014370,200,OK,true,203
1619184014419,200,OK,true,212
1619184014467,200,OK,true,201
1619184014507,500,Internal Server Error,false,214
1619184014551,400,Bad Request,false,219
1619184014573,200,OK,true,204
1619184014632,200,OK,true,220
1619184014668,200,OK,true,215
1619184014721,200,OK,true,260
1619184014771,200,OK,true,240
1619184014777,200,OK,true,234
1619184014852,500,Internal Server Error,false,208
1619184014883,200,OK,true,227
1619184015011,200,OK,true,205
1619184015011,200,OK,true,205
1619184014981,200,OK,true,236
1619184015061,200,OK,true,208
1619184015110,200,OK,true,208
1619184015216,200,OK,true,210
1619184015217,200,OK,true,209
1619184015216,500,Internal Server Error,false,210
1619184015269,200,OK,true,205
1619184015318,200,OK,true,204
1619184015426,200,OK,true,205
1619184015426,400,Bad Request,false,205
1619184015426,200,OK,true,205
1619184015475,200,OK,true,204
1619184015523,200,OK,true,204
1619184015633,200,OK,true,203
1619184015633,200,OK,true,203
1619184015633,500,Internal Server Error,false,203
1619184015679,500,Internal Server Error,false,206
1619184015727,500,Internal Server Error,false,205
1619184015836,400,Bad Request,false,205
1619184015836,400,Bad Request,false,205
1619184015836,200,OK,true,205
1619184015885,200,OK,true,203
1619184015932,200,OK,true,202
1619184016041,200,OK,true,206
1619184016042,400,Bad Request,false,206
1619184016089,500,Internal Server Error,false,204
1619184016041,200,OK,true,258
1619184016134,500,Internal Server Error,false,215
1619184016248,500,Internal Server Error,false,206
1619184016248,200,OK,true,206
1619184016293,400,Bad Request,false,206
1619184016299,200,OK,true,206
1619184016350,200,OK,true,199
1619184016454,200,OK,true,203
1619184016454,500,Internal Server Error,false,203
1619184016500,200,OK,true,206
1619184016506,400,Bad Request,false,251
1619184016549,400,Bad Request,false,208
1619184016657,400,Bad Request,false,202
1619184016658,500,Internal Server Error,false,201
1619184016706,200,OK,true,205
1619184016757,200,OK,true,204
1619184016757,200,OK,true,204
1619184016859,200,OK,true,204
1619184016860,200,OK,true,204
1619184016912,200,OK,true,204
1619184016961,500,Internal Server Error,false,202
1619184016961,200,OK,true,205
1619184017063,500,Internal Server Error,false,205
1619184017064,200,OK,true,209
1619184017116,500,Internal Server Error,false,202
1619184017163,200,OK,true,208
1619184017166,200,OK,true,207
1619184017268,400,Bad Request,false,205
1619184017273,200,OK,true,202
1619184017318,500,Internal Server Error,false,206
1619184017371,200,OK,true,205
1619184017374,400,Bad Request,false,205
1619184017473,200,OK,true,201
1619184017476,500,Internal Server Error,false,203
1619184017524,400,Bad Request,false,199
1619184017576,200,OK,true,206
1619184017580,400,Bad Request,false,220
1619184017679,200,OK,true,199
1619184017675,200,OK,true,203
1619184017723,400,Bad Request,false,211
1619184017782,500,Internal Server Error,false,205
1619184017800,200,OK,true,204
1619184017879,200,OK,true,204
1619184017879,200,OK,true,204
1619184017934,200,OK,true,203
1619184017988,400,Bad Request,false,202
1619184018004,200,OK,true,205
1619184018083,200,OK,true,202
1619184018083,400,Bad Request,false,203
1619184018137,400,Bad Request,false,211
1619184018190,200,OK,true,204
1619184018209,200,OK,true,203
1619184018285,200,OK,true,207
1619184018286,200,OK,true,212
1619184018348,200,OK,true,209
1619184018395,200,OK,true,202
1619184018412,500,Internal Server Error,false,200
1619184018492,200,OK,true,204
1619184018498,400,Bad Request,false,210
1619184018558,200,OK,true,199
1619184018597,200,OK,true,203
1619184018612,200,OK,true,205
1619184018708,200,OK,true,204
1619184018696,500,Internal Server Error,false,216
1619184018758,400,Bad Request,false,211
1619184018800,200,OK,true,207
1619184018817,400,Bad Request,false,205
1619184018912,200,OK,true,202
1619184018912,200,OK,true,229
1619184018969,200,OK,true,212
1619184019007,200,OK,true,210
1619184019023,200,OK,true,201
1619184019114,200,OK,true,204
1619184019141,200,OK,true,206
1619184019181,200,OK,true,204
1619184019218,200,OK,true,200
1619184019224,400,Bad Request,false,202
1619184019319,500,Internal Server Error,false,225
1619184019347,200,OK,true,201
1619184019386,400,Bad Request,false,202
1619184019426,400,Bad Request,false,205
1619184019419,200,OK,true,221
1619184019544,500,Internal Server Error,false,209
1619184019548,200,OK,true,216
1619184019588,400,Bad Request,false,209
1619184019634,200,OK,true,202
1619184019640,200,OK,true,202
1619184019753,200,OK,true,206
1619184019764,400,Bad Request,false,198
1619184019797,400,Bad Request,false,220
1619184019842,200,OK,true,205
1619184019836,500,Internal Server Error,false,232
1619184019962,200,OK,true,201
1619184019959,200,OK,true,207
1619184020017,200,OK,true,212
1619184020068,400,Bad Request,false,204
1619184020047,200,OK,true,232
1619184020164,200,OK,true,207
1619184020166,400,Bad Request,false,205
1619184020229,200,OK,true,208
1619184020272,200,OK,true,204
1619184020279,400,Bad Request,false,209
1619184020371,200,OK,true,203
1619184020371,400,Bad Request,false,204
1619184020437,500,Internal Server Error,false,210
1619184020476,200,OK,true,207
1619184020488,400,Bad Request,false,205
1619184020574,400,Bad Request,false,203
1619184020575,200,OK,true,203
1619184020648,500,Internal Server Error,false,200
1619184020683,400,Bad Request,false,204
1619184020693,400,Bad Request,false,199
1619184020778,200,OK,true,204
1619184020778,200,OK,true,205
1619184020848,200,OK,true,209
1619184020887,200,OK,true,203
1619184020892,200,OK,true,250
1619184020982,200,OK,true,205
1619184020983,200,OK,true,206
1619184021091,400,Bad Request,false,208
1619184021057,400,Bad Request,false,244
1619184021142,500,Internal Server Error,false,205
1619184021187,500,Internal Server Error,false,206
1619184021189,200,OK,true,207
1619184021301,400,Bad Request,false,206
1619184021299,200,OK,true,220
1619184021348,200,OK,true,203
1619184021393,200,OK,true,207
1619184021396,400,Bad Request,false,224
1619184021507,400,Bad Request,false,203
1619184021519,500,Internal Server Error,false,205
1619184021552,500,Internal Server Error,false,203
1619184021600,500,Internal Server Error,false,206
1619184021620,200,OK,true,236
1619184021710,200,OK,true,201
1619184021724,200,OK,true,203
1619184021755,200,OK,true,204
1619184021806,200,OK,true,200
1619184021856,200,OK,true,220
1619184021911,200,OK,true,202
1619184021927,200,OK,true,203
1619184021959,500,Internal Server Error,false,217
1619184022006,200,OK,true,204
1619184022077,400,Bad Request,false,209
1619184022113,200,OK,true,198
1619184022137,500,Internal Server Error,false,201
1619184022176,200,OK,true,212
1619184022210,200,OK,true,207
1619184022286,200,OK,true,207
1619184022311,200,OK,true,207
1619184022338,400,Bad Request,false,206
1619184022388,200,OK,true,205
1619184022417,200,OK,true,204
1619184022493,200,OK,true,206
1619184022518,500,Internal Server Error,false,208
1619184022544,200,OK,true,205
1619184022593,400,Bad Request,false,208
1619184022621,200,OK,true,205
1619184022700,200,OK,true,202
1619184022726,200,OK,true,204
1619184022749,200,OK,true,204
1619184022801,400,Bad Request,false,203
1619184022826,200,OK,true,205
1619184022902,200,OK,true,206
1619184022930,200,OK,true,207
1619184022953,200,OK,true,234
1619184023004,400,Bad Request,false,203
1619184023032,200,OK,true,204
1619184023108,400,Bad Request,false,209
1619184023137,200,OK,true,222
1619184023188,400,Bad Request,false,204
1619184023236,200,OK,true,205
1619184023208,200,OK,true,234
1619184023318,200,OK,true,212
1619184023359,200,OK,true,201
1619184023393,200,OK,true,202
1619184023441,200,OK,true,208
1619184023442,200,OK,true,208
1619184023530,200,OK,true,203
1619184023560,200,OK,true,206
1619184023596,200,OK,true,213
1619184023649,200,OK,true,200
1619184023651,200,OK,true,205
1619184023733,200,OK,true,205
1619184023767,200,OK,true,206
1619184023809,200,OK,true,216
1619184023849,200,OK,true,207
1619184023856,200,OK,true,205
1619184023938,400,Bad Request,false,204
1619184023974,200,OK,true,207
1619184024025,200,OK,true,206
1619184024056,200,OK,true,202
1619184024061,400,Bad Request,false,201
1619184024143,200,OK,true,202
1619184024182,200,OK,true,205
1619184024232,200,OK,true,204
1619184024259,200,OK,true,202
1619184024262,200,OK,true,201
1619184024346,400,Bad Request,false,202
1619184024387,200,OK,true,202
1619184024436,200,OK,true,207
1619184024461,200,OK,true,203
1619184024463,500,Internal Server Error,false,252
1619184024548,400,Bad Request,false,202
1619184024590,200,OK,true,202
1619184024643,200,OK,true,205
1619184024665,400,Bad Request,false,206
1619184024715,200,OK,true,198
1619184024750,200,OK,true,202
1619184024792,200,OK,true,204
1619184024848,500,Internal Server Error,false,203
1619184024871,200,OK,true,202
1619184024914,200,OK,true,219
1619184024953,200,OK,true,217
1619184024996,200,OK,true,208
1619184025051,200,OK,true,218
1619184025073,500,Internal Server Error,false,202
1619184025143,500,Internal Server Error,false,207
1619184025170,200,OK,true,228
1619184025204,400,Bad Request,false,207
1619184025269,200,OK,true,205
1619184025276,500,Internal Server Error,false,202
1619184025350,400,Bad Request,false,205
1619184025399,400,Bad Request,false,211
1619184025412,400,Bad Request,false,206
1619184025474,200,OK,true,201
1619184025478,200,OK,true,215
1619184025556,500,Internal Server Error,false,205
1619184025611,200,OK,true,207
1619184025618,500,Internal Server Error,false,204
1619184025675,200,OK,true,208
1619184025693,500,Internal Server Error,false,239
1619184025761,400,Bad Request,false,215
1619184025818,200,OK,true,205
1619184025822,200,OK,true,214
1619184025883,200,OK,true,197
1619184025932,200,OK,true,208
1619184025976,400,Bad Request,false,213
1619184026023,400,Bad Request,false,215
1619184026036,200,OK,true,211
1619184026081,500,Internal Server Error,false,205
1619184026140,500,Internal Server Error,false,206
1619184026189,500,Internal Server Error,false,216
1619184026238,500,Internal Server Error,false,210
1619184026247,500,Internal Server Error,false,201
1619184026286,200,OK,true,203
1619184026346,400,Bad Request,false,208
1619184026405,200,OK,true,202
1619184026448,200,OK,true,207
1619184026448,500,Internal Server Error,false,207
1619184026489,200,OK,true,205
1619184026555,400,Bad Request,false,223
1619184026607,500,Internal Server Error,false,209
1619184026655,200,OK,true,205
1619184026694,200,OK,true,202
1619184026655,500,Internal Server Error,false,254
1619184026778,200,OK,true,204
1619184026816,200,OK,true,207
1619184026860,200,OK,true,205
1619184026896,200,OK,true,203
1619184026910,400,Bad Request,false,238
1619184026982,500,Internal Server Error,false,202
1619184027023,200,OK,true,217
1619184027065,200,OK,true,203
1619184027099,200,OK,true,216
1619184027149,200,OK,true,205
1619184027184,200,OK,true,205
1619184027240,400,Bad Request,false,205
1619184027268,200,OK,true,204
1619184027315,200,OK,true,205
1619184027354,200,OK,true,205
1619184027389,400,Bad Request,false,200
1619184027445,500,Internal Server Error,false,205
1619184027472,400,Bad Request,false,204
1619184027520,400,Bad Request,false,209
1619184027559,400,Bad Request,false,220
1619184027589,500,Internal Server Error,false,200
1619184027651,200,OK,true,204
1619184027676,500,Internal Server Error,false,228
1619184027729,400,Bad Request,false,202
1619184027779,500,Internal Server Error,false,202
1619184027790,500,Internal Server Error,false,209
1619184027855,200,OK,true,204
1619184027905,500,Internal Server Error,false,204
1619184027931,500,Internal Server Error,false,204
1619184027981,500,Internal Server Error,false,208
1619184027999,400,Bad Request,false,200
1619184028059,200,OK,true,200
1619184028109,200,OK,true,204
1619184028137,500,Internal Server Error,false,227
1619184028189,200,OK,true,204
1619184028199,200,OK,true,201
1619184028260,200,OK,true,215
1619184028313,200,OK,true,213
1619184028364,400,Bad Request,false,201
1619184028393,200,OK,true,223
1619184028400,200,OK,true,266
1619184028475,200,OK,true,208
1619184028526,200,OK,true,203
1619184028565,200,OK,true,207
1619184028616,200,OK,true,203
1619184028666,500,Internal Server Error,false,200
1619184028683,200,OK,true,208
1619184028730,400,Bad Request,false,203
1619184028772,200,OK,true,200
1619184028819,200,OK,true,217
1619184028866,200,OK,true,206
1619184028891,400,Bad Request,false,202
1619184028933,200,OK,true,207
1619184028973,200,OK,true,218
1619184029037,200,OK,true,208
1619184029072,200,OK,true,200
1619184029093,200,OK,true,207
1619184029140,200,OK,true,206
1619184029192,200,OK,true,212
1619184029245,200,OK,true,204
1619184029272,400,Bad Request,false,207
1619184029300,400,Bad Request,false,203
1619184029346,200,OK,true,215
1619184029404,200,OK,true,207
1619184029449,200,OK,true,214
1619184029479,200,OK,true,206
1619184029503,500,Internal Server Error,false,212
1619184029562,200,OK,true,224
1619184029612,400,Bad Request,false,208
1619184029664,200,OK,true,200
1619184029685,200,OK,true,207
1619184029715,200,OK,true,202
1619184029787,200,OK,true,201
1619184029821,400,Bad Request,false,206
1619184029864,500,Internal Server Error,false,201
1619184029893,200,OK,true,225
1619184029917,500,Internal Server Error,false,201
1619184029988,200,OK,true,213
1619184030028,500,Internal Server Error,false,205
1619184030065,200,OK,true,210
1619184030118,400,Bad Request,false,204
1619184030118,200,OK,true,206
1619184030202,200,OK,true,202
1619184030234,200,OK,true,202
1619184030275,200,OK,true,208
1619184030322,400,Bad Request,false,207
1619184030324,200,OK,true,210
1619184030405,200,OK,true,203
1619184030437,500,Internal Server Error,false,209
1619184030484,500,Internal Server Error,false,206
1619184030530,400,Bad Request,false,198
1619184030535,200,OK,true,202
1619184030609,200,OK,true,201
1619184030646,500,Internal Server Error,false,208
1619184030691,200,OK,true,207
1619184030728,400,Bad Request,false,208
1619184030737,200,OK,true,207
1619184030810,200,OK,true,225
1619184030854,200,OK,true,204
1619184030898,500,Internal Server Error,false,201
1619184030936,200,OK,true,206
1619184030945,500,Internal Server Error,false,207
1619184031036,200,OK,true,206
1619184031058,400,Bad Request,false,204
1619184031099,500,Internal Server Error,false,214
1619184031142,500,Internal Server Error,false,205
1619184031152,500,Internal Server Error,false,216
1619184031243,200,OK,true,211
1619184031262,200,OK,true,206
1619184031314,200,OK,true,208
1619184031347,400,Bad Request,false,204
1619184031368,200,OK,true,204
1619184031454,400,Bad Request,false,204
1619184031469,200,OK,true,205
1619184031523,500,Internal Server Error,false,202
1619184031551,500,Internal Server Error,false,208
1619184031572,200,OK,true,206
1619184031658,200,OK,true,205
1619184031675,500,Internal Server Error,false,206
1619184031725,200,OK,true,206
1619184031759,500,Internal Server Error,false,223
1619184031778,500,Internal Server Error,false,204
1619184031863,200,OK,true,201
1619184031881,400,Bad Request,false,203
1619184031931,400,Bad Request,false,209
1619184031982,200,OK,true,202
1619184031982,400,Bad Request,false,211
1619184032064,200,OK,true,204
1619184032085,400,Bad Request,false,211
1619184032140,200,OK,true,199
1619184032185,400,Bad Request,false,205
1619184032194,500,Internal Server Error,false,208
1619184032268,200,OK,true,240
1619184032297,500,Internal Server Error,false,211
1619184032339,200,OK,true,210
1619184032390,200,OK,true,202
1619184032402,200,OK,true,209
1619184032508,500,Internal Server Error,false,205
1619184032508,200,OK,true,208
1619184032549,200,OK,true,214
1619184032592,200,OK,true,221
1619184032611,400,Bad Request,false,204
1619184032716,200,OK,true,203
1619184032763,400,Bad Request,false,200
1619184032713,500,Internal Server Error,false,256
1619184032813,200,OK,true,205
1619184032815,400,Bad Request,false,205
1619184032919,500,Internal Server Error,false,204
1619184032964,200,OK,true,204
1619184032969,200,OK,true,210
1619184033019,200,OK,true,204
1619184033020,200,OK,true,203
1619184033123,400,Bad Request,false,201
1619184033168,200,OK,true,206
1619184033179,200,OK,true,206
1619184033223,200,OK,true,204
1619184033223,200,OK,true,209
1619184033325,200,OK,true,204
1619184033375,200,OK,true,205
1619184033385,200,OK,true,207
1619184033427,400,Bad Request,false,207
1619184033432,500,Internal Server Error,false,204
1619184033529,500,Internal Server Error,false,206
1619184033580,400,Bad Request,false,209
1619184033592,200,OK,true,210
1619184033640,200,OK,true,201
1619184033640,200,OK,true,203
1619184033736,200,OK,true,233
1619184033789,400,Bad Request,false,212
1619184033803,500,Internal Server Error,false,205
1619184033843,200,OK,true,206
1619184033841,200,OK,true,208
1619184033969,200,OK,true,203
1619184034001,400,Bad Request,false,208
1619184034008,200,OK,true,212
1619184034049,400,Bad Request,false,203
1619184034049,200,OK,true,203
1619184034173,400,Bad Request,false,204
1619184034209,200,OK,true,210
1619184034220,400,Bad Request,false,207
1619184034252,200,OK,true,199
1619184034252,400,Bad Request,false,215
1619184034377,200,OK,true,204
1619184034419,200,OK,true,204
1619184034427,500,Internal Server Error,false,204
1619184034451,400,Bad Request,false,207
1619184034467,200,OK,true,202
1619184034581,500,Internal Server Error,false,218
1619184034631,400,Bad Request,false,204
1619184034623,200,OK,true,226
1619184034658,200,OK,true,206
1619184034669,200,OK,true,200
1619184034799,200,OK,true,204
1619184034835,400,Bad Request,false,203
1619184034849,200,OK,true,201
1619184034869,500,Internal Server Error,false,205
1619184034864,200,OK,true,236
1619184035004,400,Bad Request,false,204
1619184035050,400,Bad Request,false,208
1619184035075,200,OK,true,213
1619184035100,200,OK,true,197
1619184035038,500,Internal Server Error,false,271
1619184035209,500,Internal Server Error,false,206
1619184035259,200,OK,true,201
1619184035288,200,OK,true,208
1619184035297,200,OK,true,206
1619184035310,200,OK,true,244
1619184035415,200,OK,true,210
1619184035460,500,Internal Server Error,false,207
1619184035497,200,OK,true,204
1619184035503,200,OK,true,249
1619184035554,400,Bad Request,false,208
1619184035625,200,OK,true,202
1619184035667,400,Bad Request,false,211
1619184035702,200,OK,true,203
1619184035762,200,OK,true,204
1619184035752,200,OK,true,263
1619184035827,400,Bad Request,false,204
1619184035878,200,OK,true,208
1619184035906,400,Bad Request,false,205
1619184035967,500,Internal Server Error,false,204
1619184036016,500,Internal Server Error,false,203
1619184036032,200,OK,true,238
1619184036086,200,OK,true,203
1619184036111,200,OK,true,206
1619184036171,500,Internal Server Error,false,204
1619184036219,400,Bad Request,false,208
1619184036270,200,OK,true,207
1619184036289,200,OK,true,204
1619184036318,200,OK,true,225
1619184036375,500,Internal Server Error,false,207
1619184036427,200,OK,true,201
1619184036477,400,Bad Request,false,207
1619184036493,500,Internal Server Error,false,195
1619184036543,400,Bad Request,false,204
1619184036582,500,Internal Server Error,false,208
1619184036628,400,Bad Request,false,211
1619184036688,400,Bad Request,false,201
1619184036684,400,Bad Request,false,209
1619184036748,200,OK,true,208
1619184036790,500,Internal Server Error,false,205
1619184036840,200,OK,true,205
1619184036889,500,Internal Server Error,false,203
1619184036893,500,Internal Server Error,false,204
1619184036956,200,OK,true,211
1619184036995,400,Bad Request,false,205
1619184037046,200,OK,true,203
1619184037092,400,Bad Request,false,202
1619184037097,200,OK,true,206
1619184037167,400,Bad Request,false,201
1619184037200,500,Internal Server Error,false,205
1619184037249,400,Bad Request,false,199
1619184037294,200,OK,true,209
1619184037303,500,Internal Server Error,false,204
1619184037368,200,OK,true,202
1619184037405,200,OK,true,201
1619184037448,200,OK,true,205
1619184037507,200,OK,true,206
1619184037503,500,Internal Server Error,false,210
1619184037606,500,Internal Server Error,false,205
1619184037653,200,OK,true,206
1619184037811,500,Internal Server Error,false,213
1619184037859,200,OK,true,200
1619184038059,200,OK,true,202
